# POINT,X,Y,Mach,MACH_ANG__D,PSI__D,FLOW_ANG__D,X_IN,Y_IN
3.900000000000000000e+01,5.274904100000000345e-02,8.506472999999999951e-01,1.046787200000000029e+00,7.280496800000000235e+01,3.960531099999999860e-01,1.610550299999999879e-01,2.637449999999999864e-02,4.253237000000000267e-01
4.100000000000000000e+01,7.212745600000000645e-02,9.082934200000000180e-01,1.068240099999999915e+00,6.940970099999999832e+01,6.867952099999999893e-01,4.328432600000000074e-01,3.606369999999999715e-02,4.541467000000000143e-01
4.300000000000000000e+01,1.087088600000000044e-01,9.972974199999999900e-01,1.108674799999999960e+00,6.441926800000000242e+01,1.340705800000000059e+00,1.021237299999999903e+00,5.435439999999999716e-02,4.986487000000000003e-01
