# POINT,X,Y,Mach,MACH_ANG__D,PSI__D,FLOW_ANG__D,X_IN,Y_IN
3.900000000000000000e+01,4.302247000000000016e-02,8.639089100000000299e-01,1.044576500000000019e+00,7.320124800000000675e+01,3.689143799999999862e-01,1.084281700000000043e-01,2.151120000000000115e-02,4.319545000000000190e-01
4.100000000000000000e+01,5.294381000000000087e-02,8.952434599999999909e-01,1.055829499999999976e+00,7.128433400000000120e+01,5.128452199999999905e-01,2.461212700000000031e-01,2.647189999999999960e-02,4.476217000000000112e-01
4.300000000000000000e+01,8.031703199999999654e-02,9.688749800000000523e-01,1.086469499999999977e+00,6.698644099999999924e+01,9.668090299999999582e-01,6.652681900000000370e-01,4.015849999999999975e-02,4.844375000000000209e-01
4.500000000000000000e+01,1.231505499999999975e-01,1.062533500000000020e+00,1.135279600000000055e+00,6.174389399999999739e+01,1.827277899999999899e+00,1.432493999999999934e+00,6.157529999999999948e-02,5.312666999999999806e-01
