# POINT,X,Y,Mach,MACH_ANG__D,PSI__D,FLOW_ANG__D,X_IN,Y_IN
3.300000000000000000e+01,8.336844499999999936e-02,7.275022399999999667e-01,1.040064099999999936e+00,7.404526900000000467e+01,3.153843599999999747e-01,1.880145400000000078e-01,4.168419999999999764e-02,3.637510999999999939e-01
3.500000000000000000e+01,9.581449200000000110e-02,7.686965999999999521e-01,1.052783599999999931e+00,7.177997299999999825e+01,4.725034200000000073e-01,3.310179899999999842e-01,4.790719999999999701e-02,3.843482999999999761e-01
3.700000000000000000e+01,1.286061599999999971e-01,8.587008099999999811e-01,1.086004299999999922e+00,6.704430100000000436e+01,9.593374399999999858e-01,7.596106599999999931e-01,6.430310000000000192e-02,4.293504000000000209e-01
3.900000000000000000e+01,1.779859699999999934e-01,9.668522299999999792e-01,1.137335500000000055e+00,6.155178300000000036e+01,1.866388699999999901e+00,1.535788399999999942e+00,8.899300000000000266e-02,4.834261000000000252e-01
4.100000000000000000e+01,2.374022100000000024e-01,1.073898999999999937e+00,1.203783800000000070e+00,5.617214700000000249e+01,3.221535700000000002e+00,2.679144099999999806e+00,1.187011000000000038e-01,5.369494999999999685e-01
