# POINT,X,Y,Mach,MACH_ANG__D,PSI__D,FLOW_ANG__D,X_IN,Y_IN
5.000000000000000000e+00,2.599150100000000019e-01,1.667709300000000117e-01,1.049453699999999934e+00,7.234060399999999902e+01,4.796105199999999846e-01,2.196297299999999952e-01,6.497880000000000322e-02,4.169269999999999921e-02
6.000000000000000000e+00,3.222737700000000149e-01,3.464482799999999973e-01,1.077425700000000042e+00,6.814643100000000686e+01,9.231740200000000396e-01,6.631932299999999669e-01,8.056839999999999835e-02,8.661209999999999742e-02
7.000000000000000000e+00,4.021241099999999791e-01,5.339883399999999503e-01,1.119816499999999992e+00,6.325312199999999763e+01,1.731254800000000094e+00,1.471273999999999971e+00,1.005309999999999954e-01,1.334971000000000074e-01
8.000000000000000000e+00,4.842388799999999827e-01,6.959472100000000383e-01,1.170020499999999908e+00,5.872504599999999897e+01,2.839003299999999896e+00,2.579022500000000218e+00,1.210597000000000062e-01,1.739867999999999970e-01
9.000000000000000000e+00,5.635894799999999760e-01,8.334665100000000493e-01,1.225668399999999991e+00,5.467460200000000015e+01,4.201086499999999724e+00,3.941105799999999881e+00,1.408974000000000060e-01,2.083666000000000129e-01
1.000000000000000000e+01,6.367785400000000040e-01,9.489337599999999595e-01,1.285302500000000014e+00,5.108028099999999938e+01,5.770347400000000349e+00,5.510366600000000226e+00,1.591945999999999917e-01,2.372334000000000109e-01
1.100000000000000000e+01,7.011924299999999777e-01,1.043990399999999985e+00,1.347823599999999900e+00,4.789666900000000282e+01,7.499364500000000433e+00,7.239383700000000310e+00,1.752981000000000122e-01,2.609975999999999963e-01
1.200000000000000000e+01,7.548330699999999949e-01,1.119620099999999896e+00,1.412308099999999955e+00,4.507735399999999970e+01,9.342296599999999174e+00,9.082315799999999939e+00,1.887082999999999955e-01,2.799050000000000149e-01
1.300000000000000000e+01,7.962932200000000238e-01,1.176413799999999954e+00,1.477938999999999892e+00,4.257991799999999927e+01,1.125641099999999994e+01,1.099643099999999940e+01,1.990733000000000086e-01,2.941035000000000177e-01
