# POINT,X,Y,Mach,MACH_ANG__D,PSI__D,FLOW_ANG__D,X_IN,Y_IN
2.100000000000000000e+01,5.754958699999999927e-02,8.338546399999999803e-01,1.051326699999999947e+00,7.202274300000000551e+01,5.065131999999999968e-01,1.927270500000000109e-01,1.438739999999999984e-02,2.084637000000000018e-01
2.200000000000000000e+01,8.947964799999999497e-02,9.243194500000000424e-01,1.078973500000000030e+00,6.794239899999999466e+01,9.500766999999999962e-01,6.362905500000000103e-01,2.236990000000000159e-02,2.310799000000000047e-01
2.300000000000000000e+01,1.370366199999999979e-01,1.034928800000000093e+00,1.121118800000000082e+00,6.312136199999999775e+01,1.758157500000000040e+00,1.444371300000000025e+00,3.425919999999999660e-02,2.587322000000000233e-01
