# POINT,X,Y,Mach,MACH_ANG__D,PSI__D,FLOW_ANG__D,X_IN,Y_IN
1.800000000000000000e+01,9.728801500000000546e-02,7.087764399999999521e-01,1.044859999999999900e+00,7.314982600000000446e+01,4.155692100000000222e-01,2.836710399999999854e-01,2.432199999999999987e-02,1.771940999999999933e-01
1.900000000000000000e+01,1.334268000000000121e-01,8.175319199999999675e-01,1.073687499999999906e+00,6.864934300000000178e+01,8.591327100000000216e-01,7.272345399999999849e-01,3.335670000000000301e-02,2.043830000000000091e-01
2.000000000000000000e+01,1.858416300000000076e-01,9.436489999999999601e-01,1.116694499999999923e+00,6.357273299999999949e+01,1.667213499999999904e+00,1.535315299999999938e+00,4.646039999999999892e-02,2.359121999999999886e-01
2.100000000000000000e+01,2.432147199999999954e-01,1.058506399999999958e+00,1.167270599999999936e+00,5.894798200000000321e+01,2.774961999999999929e+00,2.643063800000000185e+00,6.080370000000000219e-02,2.646265999999999896e-01
2.200000000000000000e+01,2.998993999999999827e-01,1.157789600000000085e+00,1.223150600000000088e+00,5.484136300000000119e+01,4.137045200000000200e+00,4.005147100000000293e+00,7.497489999999999710e-02,2.894474000000000213e-01
