# POINT,X,Y,Mach,MACH_ANG__D,PSI__D,FLOW_ANG__D,X_IN,Y_IN
8.000000000000000000e+00,2.209213600000000111e-01,2.918491200000000174e-01,1.043092499999999978e+00,7.347339599999999393e+01,3.916916500000000023e-01,3.075486000000000053e-01,5.523030000000000300e-02,7.296229999999999383e-02
9.000000000000000000e+00,2.758820599999999845e-01,4.601910599999999851e-01,1.072273100000000090e+00,6.884351800000000310e+01,8.352551499999999463e-01,7.511120999999999492e-01,6.897050000000000403e-02,1.150478000000000056e-01
1.000000000000000000e+01,3.480716099999999757e-01,6.355266999999999999e-01,1.115522399999999914e+00,6.369412799999999919e+01,1.643335900000000072e+00,1.559192899999999993e+00,8.701789999999999525e-02,1.588816999999999868e-01
1.100000000000000000e+01,4.233604300000000098e-01,7.871065299999999709e-01,1.166241499999999931e+00,5.903205899999999673e+01,2.751084399999999874e+00,2.666941399999999796e+00,1.058401000000000064e-01,1.967765999999999960e-01
1.200000000000000000e+01,4.965107300000000112e-01,9.157415899999999942e-01,1.222209799999999902e+00,5.490402999999999878e+01,4.113167699999999982e+00,4.029024599999999623e+00,1.241276999999999936e-01,2.289354000000000111e-01
1.300000000000000000e+01,5.639491399999999599e-01,1.023355900000000096e+00,1.282048599999999983e+00,5.126072400000000329e+01,5.682428599999999719e+00,5.598285500000000248e+00,1.409873000000000098e-01,2.558389999999999831e-01
1.400000000000000000e+01,6.229532300000000244e-01,1.111261300000000007e+00,1.344700900000000088e+00,4.804411499999999791e+01,7.411445600000000411e+00,7.327302600000000332e+00,1.557382999999999962e-01,2.778152999999999873e-01
