# POINT,X,Y,Mach,MACH_ANG__D,PSI__D,FLOW_ANG__D,X_IN,Y_IN
2.000000000000000000e+00,3.020044199999999956e-01,4.169273200000000318e-02,1.059648399999999935e+00,7.068411000000000399e+01,6.312381599999999926e-01,6.800209100000000062e-02,7.550110000000000154e-02,1.042320000000000052e-02
3.000000000000000000e+00,3.724930000000000185e-01,2.279575699999999983e-01,1.085992300000000021e+00,6.704578999999999667e+01,1.074801700000000082e+00,5.115655900000000145e-01,9.312330000000000607e-02,5.698940000000000256e-02
4.000000000000000000e+00,4.610697400000000057e-01,4.253800200000000253e-01,1.127089500000000077e+00,6.252857399999999899e+01,1.882882500000000014e+00,1.319646400000000108e+00,1.152674000000000060e-01,1.063449999999999951e-01
5.000000000000000000e+00,5.510541599999999596e-01,5.969857800000000214e-01,1.176473799999999903e+00,5.821141500000000235e+01,2.990630900000000203e+00,2.427394899999999911e+00,1.377635000000000109e-01,1.492464000000000013e-01
6.000000000000000000e+00,6.375770499999999785e-01,7.433235200000000154e-01,1.231598699999999935e+00,5.428716699999999662e+01,4.352714200000000311e+00,3.789478100000000182e+00,1.593942999999999888e-01,1.858308999999999933e-01
7.000000000000000000e+00,7.174192999999999820e-01,8.668833900000000314e-01,1.290894299999999939e+00,5.077392499999999842e+01,5.921975100000000047e+00,5.358738999999999919e+00,1.793548000000000087e-01,2.167207999999999912e-01
8.000000000000000000e+00,7.880829999999999780e-01,9.694899399999999945e-01,1.353197399999999995e+00,4.764548899999999776e+01,7.650992200000000132e+00,7.087756100000000004e+00,1.970206999999999931e-01,2.423724999999999907e-01
9.000000000000000000e+00,8.476373699999999456e-01,1.052277099999999965e+00,1.417546600000000101e+00,4.486543900000000207e+01,9.493924299999999761e+00,8.930688200000000521e+00,2.119092999999999949e-01,2.630693000000000059e-01
1.000000000000000000e+01,8.947108000000000283e-01,1.115941400000000083e+00,1.483101000000000003e+00,4.239693799999999868e+01,1.140803900000000048e+01,1.084480300000000064e+01,2.236777000000000071e-01,2.789853999999999945e-01
