# POINT,X,Y,Mach,MACH_ANG__D,PSI__D,FLOW_ANG__D,X_IN,Y_IN
1.000000000000000000e+01,1.960439599999999893e-01,3.752345899999999790e-01,1.040780500000000108e+00,7.390789999999999793e+01,3.611260499999999762e-01,3.381141999999999759e-01,4.901099999999999901e-02,9.380860000000000587e-02
1.100000000000000000e+01,2.465309300000000092e-01,5.336219500000000115e-01,1.070445300000000044e+00,6.909778599999999926e+01,8.046895499999999757e-01,7.816777000000000308e-01,6.163269999999999860e-02,1.334055000000000102e-01
1.200000000000000000e+01,3.141449900000000128e-01,6.998826999999999687e-01,1.114015200000000094e+00,6.385136399999999668e+01,1.612770299999999990e+00,1.589758500000000074e+00,7.853620000000000045e-02,1.749707000000000068e-01
1.300000000000000000e+01,3.853598500000000038e-01,8.443171499999999607e-01,1.164920900000000037e+00,5.914046199999999942e+01,2.720518799999999793e+00,2.697506999999999877e+00,9.633999999999999508e-02,2.110792999999999975e-01
1.400000000000000000e+01,4.548040199999999755e-01,9.670651799999999687e-01,1.221003800000000084e+00,5.498464500000000044e+01,4.082602099999999901e+00,4.059590199999999705e+00,1.137009999999999965e-01,2.417662999999999895e-01
1.500000000000000000e+01,5.187976300000000096e-01,1.069592099999999935e+00,1.280915400000000037e+00,5.132395100000000099e+01,5.651862999999999637e+00,5.628851100000000329e+00,1.296993999999999925e-01,2.673980000000000246e-01
1.600000000000000000e+01,5.745525000000000215e-01,1.152933800000000009e+00,1.343614099999999922e+00,4.809569299999999714e+01,7.380880000000000329e+00,7.357868200000000414e+00,1.436380999999999908e-01,2.882334999999999758e-01
