# POINT,X,Y,Mach,MACH_ANG__D,PSI__D,FLOW_ANG__D,X_IN,Y_IN
7.000000000000000000e+00,2.336484100000000008e-01,2.501563900000000062e-01,1.044812800000000097e+00,7.315837600000000407e+01,4.149258200000000008e-01,2.843144300000000069e-01,5.841210000000000152e-02,6.253910000000000025e-02
8.000000000000000000e+00,2.909863100000000258e-01,4.227882800000000163e-01,1.073649499999999923e+00,6.865452500000000668e+01,8.584893200000000002e-01,7.278779300000000063e-01,7.274659999999999460e-02,1.056971000000000022e-01
9.000000000000000000e+00,3.656174700000000000e-01,6.024057299999999726e-01,1.116662999999999961e+00,6.357598800000000239e+01,1.666570099999999943e+00,1.535958699999999899e+00,9.140439999999999676e-02,1.506013999999999964e-01
1.000000000000000000e+01,4.430781799999999881e-01,7.575009099999999718e-01,1.167242899999999972e+00,5.895024099999999834e+01,2.774318599999999968e+00,2.643707200000000146e+00,1.107695000000000068e-01,1.893751999999999935e-01
1.100000000000000000e+01,5.182013100000000261e-01,8.890930400000000011e-01,1.223125199999999912e+00,5.484304900000000060e+01,4.136401900000000076e+00,4.005790499999999810e+00,1.295503000000000071e-01,2.222733000000000070e-01
1.200000000000000000e+01,5.874705399999999855e-01,9.992945699999999931e-01,1.282909400000000089e+00,5.121283400000000086e+01,5.705662700000000420e+00,5.575051300000000154e+00,1.468675999999999870e-01,2.498236000000000068e-01
1.300000000000000000e+01,6.481984600000000318e-01,1.089540200000000070e+00,1.345526599999999906e+00,4.800501899999999722e+01,7.434679799999999616e+00,7.304068400000000238e+00,1.620495999999999881e-01,2.723849999999999882e-01
