# POINT,X,Y,Mach,MACH_ANG__D,PSI__D,FLOW_ANG__D,X_IN,Y_IN
3.000000000000000000e+00,2.875611000000000139e-01,8.338546400000000636e-02,1.055797499999999944e+00,7.128946799999999939e+01,5.724943700000000302e-01,1.267458700000000105e-01,7.189030000000000420e-02,2.084640000000000104e-02
4.000000000000000000e+00,3.552665500000000143e-01,2.679809200000000113e-01,1.082717399999999941e+00,6.745849300000000426e+01,1.016057900000000069e+00,5.703093700000000377e-01,8.881659999999999555e-02,6.699520000000000475e-02
5.000000000000000000e+00,4.408113300000000012e-01,4.624099600000000088e-01,1.124290699999999976e+00,6.280417099999999664e+01,1.824138700000000002e+00,1.378390199999999899e+00,1.102028000000000035e-01,1.156024999999999969e-01
6.000000000000000000e+00,5.280447600000000019e-01,6.309106899999999962e-01,1.173982999999999999e+00,5.840810799999999858e+01,2.931887199999999805e+00,2.486138700000000146e+00,1.320111999999999952e-01,1.577276999999999985e-01
7.000000000000000000e+00,6.120549600000000368e-01,7.743314599999999714e-01,1.229306199999999905e+00,5.443605900000000020e+01,4.293970400000000076e+00,3.848221899999999973e+00,1.530137000000000025e-01,1.935829000000000022e-01
8.000000000000000000e+00,6.895648399999999567e-01,8.951737499999999903e-01,1.288730799999999954e+00,5.089189999999999969e+01,5.863231299999999813e+00,5.417482800000000154e+00,1.723911999999999944e-01,2.237934000000000034e-01
9.000000000000000000e+00,7.580377400000000154e-01,9.952207400000000481e-01,1.351117200000000018e+00,4.774234100000000325e+01,7.592248399999999897e+00,7.146499900000000238e+00,1.895093999999999945e-01,2.488052000000000041e-01
1.000000000000000000e+01,8.155202599999999968e-01,1.075565600000000011e+00,1.415518099999999890e+00,4.494722099999999898e+01,9.435180499999999526e+00,8.989432000000000755e+00,2.038801000000000085e-01,2.688914000000000026e-01
1.100000000000000000e+01,8.606289200000000195e-01,1.136874399999999952e+00,1.481101599999999907e+00,4.246759600000000034e+01,1.134929499999999969e+01,1.090354699999999966e+01,2.151571999999999929e-01,2.842185999999999879e-01
