# POINT,X,Y,Mach,MACH_ANG__D,PSI__D,FLOW_ANG__D,X_IN,Y_IN
2.300000000000000000e+01,2.950930800000000145e-02,9.172401000000000026e-01,1.057069100000000095e+00,7.108701200000000142e+01,5.917018299999999842e-01,1.075384199999999957e-01,7.377299999999999830e-03,2.293100000000000138e-01
2.400000000000000000e+01,5.889632499999999937e-02,9.965251800000000104e-01,1.083793999999999924e+00,6.732175999999999760e+01,1.035265300000000055e+00,5.511019200000000229e-01,1.472410000000000038e-02,2.491313000000000000e-01
2.500000000000000000e+01,1.033779499999999962e-01,1.096970699999999965e+00,1.125208399999999997e+00,6.271337199999999967e+01,1.843346099999999987e+00,1.359182700000000077e+00,2.584449999999999942e-02,2.742427000000000059e-01
