# POINT,X,Y,Mach,MACH_ANG__D,PSI__D,FLOW_ANG__D,X_IN,Y_IN
9.000000000000000000e+00,2.084025999999999934e-01,3.335418499999999731e-01,1.041752999999999929e+00,7.372352800000000173e+01,3.738889300000000082e-01,3.253513199999999994e-01,5.210069999999999979e-02,8.338550000000000129e-02
1.000000000000000000e+01,2.610791299999999926e-01,4.971212500000000145e-01,1.071210900000000077e+00,6.899081300000000283e+01,8.174524300000000077e-01,7.689148199999999989e-01,6.526980000000000282e-02,1.242802999999999963e-01
1.100000000000000000e+01,3.309317600000000192e-01,6.679964900000000538e-01,1.114645499999999956e+00,6.378545499999999890e+01,1.625533200000000011e+00,1.576995600000000053e+00,8.273289999999999811e-02,1.669991000000000114e-01
1.200000000000000000e+01,4.041413799999999945e-01,8.160201099999999652e-01,1.165472800000000086e+00,5.909509099999999648e+01,2.733281700000000036e+00,2.684744100000000078e+00,1.010352999999999946e-01,2.040049999999999919e-01
1.300000000000000000e+01,4.754014699999999927e-01,9.417068499999999842e-01,1.221507600000000027e+00,5.495092900000000213e+01,4.095365000000000144e+00,4.046827300000000349e+00,1.188503999999999949e-01,2.354266999999999888e-01
1.400000000000000000e+01,5.410840500000000386e-01,1.046763700000000075e+00,1.281388699999999936e+00,5.129751900000000120e+01,5.664625799999999600e+00,5.616088200000000086e+00,1.352710000000000024e-01,2.616909000000000041e-01
1.500000000000000000e+01,5.984330500000000219e-01,1.132368999999999959e+00,1.344068000000000040e+00,4.807413600000000287e+01,7.393642899999999685e+00,7.345105300000000170e+00,1.496082999999999996e-01,2.830923000000000189e-01
