# POINT,X,Y,Mach,MACH_ANG__D,PSI__D,FLOW_ANG__D,X_IN,Y_IN
6.000000000000000000e+00,2.466310100000000116e-01,2.084636599999999951e-01,1.046928199999999975e+00,7.278004799999999364e+01,4.440541599999999756e-01,2.551860799999999818e-01,6.165779999999999872e-02,5.211589999999999973e-02
7.000000000000000000e+00,3.064362400000000264e-01,3.848808599999999913e-01,1.075359900000000035e+00,6.842254300000000455e+01,8.876176599999999750e-01,6.987495799999999813e-01,7.660909999999999942e-02,9.622020000000000572e-02
8.000000000000000000e+00,3.836193900000000045e-01,5.685754499999999823e-01,1.118087000000000053e+00,6.342951599999999956e+01,1.695698499999999997e+00,1.506830399999999903e+00,9.590479999999999838e-02,1.421438999999999897e-01
9.000000000000000000e+00,4.633527800000000196e-01,7.271346600000000437e-01,1.168495599999999968e+00,5.884836599999999862e+01,2.803446899999999964e+00,2.614578900000000150e+00,1.158382000000000023e-01,1.817836999999999925e-01
1.000000000000000000e+01,5.405398500000000439e-01,8.616898200000000507e-01,1.224271499999999957e+00,5.476695500000000294e+01,4.165530200000000072e+00,3.976662099999999977e+00,1.351350000000000051e-01,2.154224999999999890e-01
1.100000000000000000e+01,6.117231499999999933e-01,9.745092100000000146e-01,1.283987599999999896e+00,5.115300299999999822e+01,5.734791099999999808e+00,5.545923000000000158e+00,1.529308000000000056e-01,2.436272999999999911e-01
1.200000000000000000e+01,6.742516200000000515e-01,1.067137999999999920e+00,1.346561300000000072e+00,4.795613800000000282e+01,7.463808199999999893e+00,7.274940100000000243e+00,1.685628999999999877e-01,2.667844999999999800e-01
