# POINT,X,Y,Mach,MACH_ANG__D,PSI__D,FLOW_ANG__D,X_IN,Y_IN
1.600000000000000000e+01,1.225808899999999979e-01,6.253909800000000407e-01,1.041991499999999959e+00,7.367866600000000687e+01,3.770403700000000136e-01,3.221998799999999941e-01,3.064520000000000091e-02,1.563477000000000061e-01
1.700000000000000000e+01,1.618335700000000099e-01,7.469834499999999933e-01,1.071399500000000060e+00,6.896457800000000304e+01,8.206038700000000130e-01,7.657633799999999935e-01,4.045839999999999853e-02,1.867458999999999925e-01
1.800000000000000000e+01,2.176897100000000085e-01,8.834463000000000177e-01,1.114800900000000095e+00,6.376923599999999936e+01,1.628684699999999985e+00,1.573844199999999915e+00,5.442240000000000272e-02,2.208615999999999913e-01
1.900000000000000000e+01,2.782670700000000052e-01,1.005835800000000058e+00,1.165608900000000059e+00,5.908391100000000051e+01,2.736433100000000174e+00,2.681592699999999940e+00,6.956679999999999808e-02,2.514589999999999881e-01
2.000000000000000000e+01,3.379407799999999962e-01,1.111030900000000043e+00,1.221631899999999993e+00,5.494261600000000101e+01,4.098516400000000282e+00,4.043675900000000212e+00,8.448519999999999641e-02,2.777576999999999963e-01
