# POINT,X,Y,Mach,MACH_ANG__D,PSI__D,FLOW_ANG__D,X_IN,Y_IN
1.300000000000000000e+01,1.594448699999999886e-01,5.003127800000000125e-01,1.039939799999999970e+00,7.406924600000000680e+01,3.502039299999999966e-01,3.490363100000000163e-01,3.986119999999999941e-02,1.250782000000000005e-01
1.400000000000000000e+01,2.039252000000000009e-01,6.411139000000000143e-01,1.069787199999999938e+00,6.919026800000000321e+01,7.937674300000000516e-01,7.925998100000000157e-01,5.098130000000000023e-02,1.602784999999999904e-01
1.500000000000000000e+01,2.653439300000000056e-01,7.928215600000000363e-01,1.113474800000000098e+00,6.390806200000000104e+01,1.601848200000000055e+00,1.600680600000000009e+00,6.633600000000000607e-02,1.982054000000000038e-01
1.600000000000000000e+01,3.309999200000000030e-01,9.263351300000000066e-01,1.164448200000000044e+00,5.917941199999999924e+01,2.709596700000000080e+00,2.708429100000000034e+00,8.275000000000000411e-02,2.315838000000000063e-01
1.700000000000000000e+01,3.953616799999999931e-01,1.040310199999999963e+00,1.220572400000000002e+00,5.501355999999999824e+01,4.071679999999999744e+00,4.070512299999999861e+00,9.884039999999999493e-02,2.600776000000000199e-01
