# POINT,X,Y,Mach,MACH_ANG__D,PSI__D,FLOW_ANG__D,X_IN,Y_IN
2.000000000000000000e+01,7.107788700000000626e-02,7.921618999999999744e-01,1.048885199999999962e+00,7.243840899999999294e+01,4.715341200000000010e-01,2.277061300000000066e-01,1.776950000000000057e-02,1.980405000000000082e-01
2.100000000000000000e+01,1.043548100000000062e-01,8.885450599999999977e-01,1.076958499999999930e+00,6.820848999999999762e+01,9.150976199999999450e-01,6.712696299999999505e-01,2.608869999999999939e-02,2.221363000000000087e-01
2.200000000000000000e+01,1.534955699999999978e-01,1.004303100000000004e+00,1.119424500000000045e+00,6.329296200000000283e+01,1.723178400000000110e+00,1.479350399999999954e+00,3.837390000000000245e-02,2.510758000000000156e-01
2.300000000000000000e+01,2.077640199999999937e-01,1.111537999999999915e+00,1.169674600000000009e+00,5.875295799999999957e+01,2.830926900000000135e+00,2.587098899999999979e+00,5.194100000000000106e-02,2.778844999999999787e-01
2.400000000000000000e+01,2.615239500000000050e-01,1.204830700000000032e+00,1.225351300000000032e+00,5.469552800000000303e+01,4.193010199999999799e+00,3.949182200000000087e+00,6.538099999999999468e-02,3.012077000000000226e-01
