# POINT,X,Y,Mach,MACH_ANG__D,PSI__D,FLOW_ANG__D,X_IN,Y_IN
4.000000000000000000e+00,2.735444300000000051e-01,1.250782000000000005e-01,1.052404799999999918e+00,7.184272799999999393e+01,5.221992699999999932e-01,1.770409799999999867e-01,6.838610000000000522e-02,3.126949999999999869e-02
5.000000000000000000e+00,3.385382599999999798e-01,3.074812499999999837e-01,1.079870200000000002e+00,6.782528499999999383e+01,9.657627699999999926e-01,6.206044800000000139e-01,8.463460000000000427e-02,7.687030000000000252e-02
6.000000000000000000e+00,4.211748599999999843e-01,4.986081399999999775e-01,1.121875699999999920e+00,6.304519700000000171e+01,1.773843599999999965e+00,1.428685299999999936e+00,1.052937000000000040e-01,1.246519999999999989e-01
7.000000000000000000e+00,5.057872700000000110e-01,6.638867499999999700e-01,1.171841099999999969e+00,5.857880300000000062e+01,2.881592100000000212e+00,2.536433800000000183e+00,1.264467999999999981e-01,1.659716999999999998e-01
8.000000000000000000e+00,5.874094600000000499e-01,8.043643000000000320e-01,1.227338400000000052e+00,5.456474399999999747e+01,4.243675299999999595e+00,3.898517000000000010e+00,1.468523999999999941e-01,2.010910999999999949e-01
9.000000000000000000e+00,6.627045000000000297e-01,9.225071700000000430e-01,1.286875599999999897e+00,5.099362200000000200e+01,5.812936200000000220e+00,5.467777899999999747e+00,1.656760999999999928e-01,2.306267999999999929e-01
1.000000000000000000e+01,7.290970300000000348e-01,1.020036799999999966e+00,1.349334500000000103e+00,4.782572400000000101e+01,7.541953300000000304e+00,7.196794999999999831e+00,1.822743000000000002e-01,2.550091999999999914e-01
1.100000000000000000e+01,7.846111399999999847e-01,1.097995899999999914e+00,1.413780299999999990e+00,4.501756000000000313e+01,9.384885399999999933e+00,9.039727100000000348e+00,1.961527999999999883e-01,2.744989999999999930e-01
1.200000000000000000e+01,8.278514200000000045e-01,1.157014999999999905e+00,1.479389300000000018e+00,4.252832500000000238e+01,1.129899999999999949e+01,1.095384199999999986e+01,2.069629000000000052e-01,2.892538000000000054e-01
