# POINT,X,Y,Mach,MACH_ANG__D,PSI__D,FLOW_ANG__D,X_IN,Y_IN
1.700000000000000000e+01,1.100319800000000015e-01,6.670837099999999964e-01,1.043279499999999915e+00,7.343882000000000687e+01,3.941971499999999962e-01,3.050431000000000115e-01,2.750800000000000120e-02,1.667708999999999997e-01
1.800000000000000000e+01,1.476939200000000063e-01,7.822222500000000078e-01,1.072422100000000045e+00,6.882296300000000144e+01,8.377606499999999956e-01,7.486066000000000109e-01,3.692349999999999799e-02,1.955555999999999961e-01
1.900000000000000000e+01,2.018063200000000112e-01,9.135210000000000274e-01,1.115645599999999904e+00,6.368133100000000013e+01,1.645841399999999899e+00,1.556687399999999943e+00,5.045159999999999922e-02,2.283802000000000054e-01
2.000000000000000000e+01,2.607669599999999921e-01,1.032156199999999968e+00,1.166349599999999986e+00,5.902321200000000090e+01,2.753589900000000146e+00,2.664435899999999968e+00,6.519170000000000520e-02,2.580391000000000212e-01
2.100000000000000000e+01,3.189360099999999920e-01,1.134403800000000073e+00,1.222308500000000020e+00,5.489744199999999807e+01,4.115673199999999810e+00,4.026519099999999796e+00,7.973399999999999932e-02,2.836008999999999891e-01
