# POINT,X,Y,Mach,MACH_ANG__D,PSI__D,FLOW_ANG__D,X_IN,Y_IN
2.400000000000000000e+01,1.494909600000000026e-02,9.589328299999999583e-01,1.060374699999999892e+00,7.057246200000000158e+01,6.425079299999999494e-01,5.673232200000000169e-02,3.737299999999999824e-03,2.397332000000000074e-01
2.500000000000000000e+01,4.313396199999999792e-02,1.032985299999999995e+00,1.086614699999999933e+00,6.696842700000000548e+01,1.086071400000000020e+00,5.002958199999999467e-01,1.078349999999999968e-02,2.582462999999999842e-01
2.600000000000000000e+01,8.611957400000000429e-02,1.128443400000000096e+00,1.127623800000000065e+00,6.247640499999999975e+01,1.894152199999999953e+00,1.308376599999999890e+00,2.152990000000000112e-02,2.821108999999999978e-01
