# POINT,X,Y,Mach,MACH_ANG__D,PSI__D,FLOW_ANG__D,X_IN,Y_IN
1.500000000000000000e+01,1.349722499999999881e-01,5.836982400000000348e-01,1.041001099999999902e+00,7.386586900000000355e+01,3.640090200000000165e-01,3.352312299999999912e-01,3.374309999999999810e-02,1.459245999999999877e-01
1.600000000000000000e+01,1.758882300000000065e-01,7.117607700000000426e-01,1.070618499999999917e+00,6.907352000000000203e+01,8.075725200000000159e-01,7.787947299999999906e-01,4.397210000000000008e-02,1.779401999999999928e-01
1.700000000000000000e+01,2.335394100000000028e-01,8.533560300000000431e-01,1.114157700000000029e+00,6.383644400000000019e+01,1.615653299999999959e+00,1.586875500000000105e+00,5.838490000000000346e-02,2.133390000000000009e-01
1.800000000000000000e+01,2.957676799999999773e-01,9.794763800000000353e-01,1.165045700000000073e+00,5.913019899999999751e+01,2.723401799999999984e+00,2.694624000000000130e+00,7.394190000000000484e-02,2.448691000000000062e-01
1.900000000000000000e+01,3.569712899999999967e-01,1.087605900000000014e+00,1.221117599999999914e+00,5.497702199999999806e+01,4.085485000000000255e+00,4.056707300000000238e+00,8.924279999999999713e-02,2.719015000000000182e-01
