# POINT,X,Y,Mach,MACH_ANG__D,PSI__D,FLOW_ANG__D,X_IN,Y_IN
2.200000000000000000e+01,4.370178100000000204e-02,8.755473700000000470e-01,1.054054100000000105e+00,7.157131800000000510e+01,5.464751500000000206e-01,1.527650899999999923e-01,1.092540000000000004e-02,2.188867999999999925e-01
2.300000000000000000e+01,7.433625100000000596e-02,9.603070299999999504e-01,1.081249600000000033e+00,6.764662400000000275e+01,9.900386500000000201e-01,5.963285900000000472e-01,1.858409999999999923e-02,2.400768000000000069e-01
2.400000000000000000e+01,1.203409800000000002e-01,1.065807500000000019e+00,1.123043599999999920e+00,6.292826199999999659e+01,1.798119400000000034e+00,1.404409400000000030e+00,3.008519999999999944e-02,2.664519000000000193e-01
