# POINT,X,Y,Mach,MACH_ANG__D,PSI__D,FLOW_ANG__D,X_IN,Y_IN
1.200000000000000000e+01,1.716130399999999945e-01,4.586200500000000013e-01,1.039885600000000077e+00,7.407971499999999310e+01,3.495031299999999952e-01,3.497371100000000177e-01,4.290329999999999838e-02,1.146550000000000069e-01
1.300000000000000000e+01,2.180039000000000005e-01,6.055546299999999826e-01,1.069744900000000110e+00,6.919623199999999485e+01,7.930666299999999946e-01,7.933006099999999616e-01,5.450100000000000083e-02,1.513886999999999872e-01
1.400000000000000000e+01,2.814081700000000130e-01,7.622121899999999561e-01,1.113440100000000044e+00,6.391170999999999935e+01,1.601147400000000109e+00,1.601381399999999955e+00,7.035199999999999787e-02,1.905530000000000002e-01
1.500000000000000000e+01,3.488541199999999898e-01,8.993891000000000524e-01,1.164417899999999895e+00,5.918191499999999650e+01,2.708895899999999912e+00,2.709129900000000202e+00,8.721349999999999936e-02,2.248472999999999999e-01
1.600000000000000000e+01,4.148568699999999887e-01,1.016283999999999965e+00,1.220544700000000038e+00,5.501541699999999935e+01,4.070979200000000020e+00,4.071213099999999585e+00,1.037142000000000064e-01,2.540709999999999913e-01
1.700000000000000000e+01,4.756419199999999958e-01,1.113819200000000009e+00,1.280484100000000014e+00,5.134806199999999876e+01,5.640240000000000364e+00,5.640474000000000210e+00,1.189105000000000023e-01,2.784548000000000023e-01
1.800000000000000000e+01,5.283615499999999576e-01,1.192724099999999954e+00,1.343200600000000078e+00,4.811534900000000192e+01,7.369257099999999561e+00,7.369491100000000294e+00,1.320903999999999967e-01,2.981809999999999738e-01
