# POINT,X,Y,Mach,MACH_ANG__D,PSI__D,FLOW_ANG__D,X_IN,Y_IN
1.000000000000000000e+01,1.960439599999999893e-01,3.752345899999999790e-01,1.040780500000000108e+00,7.390789999999999793e+01,3.611260499999999762e-01,3.381141999999999759e-01,4.901099999999999901e-02,9.380860000000000587e-02
1.100000000000000000e+01,2.363187099999999874e-01,5.040604100000000143e-01,1.064164200000000005e+00,7.000200499999999693e+01,7.022648799999999802e-01,6.792530399999999746e-01,5.907969999999999888e-02,1.260150999999999910e-01
1.200000000000000000e+01,2.911043300000000222e-01,6.462230799999999498e-01,1.098498299999999928e+00,6.555150600000000338e+01,1.307426900000000058e+00,1.284415099999999921e+00,7.277609999999999635e-02,1.615557999999999994e-01
1.300000000000000000e+01,3.500865000000000227e-01,7.744008900000000084e-01,1.138629799999999914e+00,6.143180799999999664e+01,2.130094600000000060e+00,2.107082800000000145e+00,8.752160000000000495e-02,1.936002000000000001e-01
1.400000000000000000e+01,4.094793199999999800e-01,8.872727299999999540e-01,1.182890699999999962e+00,5.771338500000000238e+01,3.143204499999999957e+00,3.120192700000000041e+00,1.023697999999999969e-01,2.218181999999999932e-01
1.500000000000000000e+01,4.667921999999999905e-01,9.856925600000000509e-01,1.230264199999999919e+00,5.437371000000000265e+01,4.318497400000000042e+00,4.295485499999999845e+00,1.166980999999999991e-01,2.464231000000000060e-01
1.600000000000000000e+01,5.201486400000000510e-01,1.070566600000000035e+00,1.279984199999999905e+00,5.137605500000000092e+01,5.626768600000000120e+00,5.603756800000000204e+00,1.300371999999999917e-01,2.676416999999999824e-01
