# POINT,X,Y,Mach,MACH_ANG__D,PSI__D,FLOW_ANG__D,X_IN,Y_IN
1.900000000000000000e+01,8.431409300000000662e-02,7.504691700000000187e-01,1.046729299999999974e+00,7.281520500000000595e+01,4.412901399999999974e-01,2.579501000000000155e-01,2.107850000000000001e-02,1.876172999999999869e-01
2.000000000000000000e+01,1.116505400000000064e-01,8.327034599999999509e-01,1.069101199999999974e+00,6.928721299999999417e+01,7.824289800000000517e-01,5.990889400000000142e-01,2.791259999999999922e-02,2.081758999999999971e-01
2.100000000000000000e+01,1.520785699999999963e-01,9.339146499999999573e-01,1.102659999999999973e+00,6.508011399999999469e+01,1.387591000000000019e+00,1.204250999999999960e+00,3.801960000000000062e-02,2.334787000000000112e-01
2.200000000000000000e+01,1.977165300000000014e-01,1.030882099999999912e+00,1.142296900000000059e+00,6.109580700000000064e+01,2.210258699999999799e+00,2.026918699999999962e+00,4.942909999999999665e-02,2.577205000000000190e-01
2.300000000000000000e+01,2.447325800000000051e-01,1.118812799999999941e+00,1.186233400000000104e+00,5.745875600000000105e+01,3.223368600000000139e+00,3.040028599999999859e+00,6.118309999999999721e-02,2.797031999999999852e-01
