# POINT,X,Y,Mach,MACH_ANG__D,PSI__D,FLOW_ANG__D,X_IN,Y_IN
7.000000000000000000e+00,2.336484100000000008e-01,2.501563900000000062e-01,1.044812800000000097e+00,7.315837600000000407e+01,4.149258200000000008e-01,2.843144300000000069e-01,5.841210000000000152e-02,6.253910000000000025e-02
8.000000000000000000e+00,2.795074300000000012e-01,3.907688599999999957e-01,1.067494799999999966e+00,6.951645499999999345e+01,7.560646600000000550e-01,6.254532600000000109e-01,6.987690000000000567e-02,9.769220000000000681e-02
9.000000000000000000e+00,3.402927199999999930e-01,5.446969099999999786e-01,1.101298799999999911e+00,6.523297900000000027e+01,1.361226700000000012e+00,1.230615299999999968e+00,8.507320000000000160e-02,1.361741999999999952e-01
1.000000000000000000e+01,4.047164400000000106e-01,6.825816500000000397e-01,1.141094599999999959e+00,6.120533199999999852e+01,2.183894399999999791e+00,2.053282999999999969e+00,1.011790999999999940e-01,1.706454000000000026e-01
1.100000000000000000e+01,4.690806800000000276e-01,8.035872899999999541e-01,1.185136100000000026e+00,5.754198199999999730e+01,3.197004300000000132e+00,3.066392899999999866e+00,1.172702000000000050e-01,2.008967999999999865e-01
1.200000000000000000e+01,5.310093200000000069e-01,9.090475999999999557e-01,1.232361500000000110e+00,5.423786499999999933e+01,4.372297099999999936e+00,4.241685699999999670e+00,1.327522999999999898e-01,2.272618999999999889e-01
1.300000000000000000e+01,5.887071400000000176e-01,1.000197199999999897e+00,1.281979699999999944e+00,5.126456400000000002e+01,5.680568400000000295e+00,5.549957000000000029e+00,1.471767999999999965e-01,2.500492999999999744e-01
1.400000000000000000e+01,6.407685100000000133e-01,1.077947500000000058e+00,1.333333000000000101e+00,4.859039500000000089e+01,7.092624899999999677e+00,6.962013500000000299e+00,1.601921000000000039e-01,2.694868999999999737e-01
1.500000000000000000e+01,6.861197599999999674e-01,1.142954400000000037e+00,1.385841399999999890e+00,4.618535599999999874e+01,8.580183599999999799e+00,8.449572200000000421e+00,1.715299000000000129e-01,2.857386000000000092e-01
