# POINT,X,Y,Mach,MACH_ANG__D,PSI__D,FLOW_ANG__D,X_IN,Y_IN
2.100000000000000000e+01,5.754958699999999927e-02,8.338546399999999803e-01,1.051326699999999947e+00,7.202274300000000551e+01,5.065131999999999968e-01,1.927270500000000109e-01,1.438739999999999984e-02,2.084637000000000018e-01
2.200000000000000000e+01,8.265112500000000584e-02,9.061547800000000485e-01,1.073008900000000043e+00,6.874223100000000386e+01,8.476520400000000510e-01,5.338658899999999541e-01,2.066279999999999853e-02,2.265387000000000095e-01
2.300000000000000000e+01,1.203898899999999994e-01,9.981118399999999724e-01,1.105997499999999967e+00,6.471054599999999368e+01,1.452814100000000108e+00,1.139027900000000093e+00,3.009749999999999925e-02,2.495279999999999998e-01
2.400000000000000000e+01,1.634075799999999967e-01,1.087916799999999906e+00,1.145255799999999935e+00,6.082882500000000192e+01,2.275481800000000110e+00,1.961695600000000095e+00,4.085189999999999655e-02,2.719791999999999765e-01
2.500000000000000000e+01,2.079283399999999893e-01,1.170128899999999916e+00,1.188938999999999968e+00,5.725498000000000332e+01,3.288591700000000007e+00,2.974805499999999991e+00,5.198210000000000330e-02,2.925322000000000200e-01
