# POINT,X,Y,Mach,MACH_ANG__D,PSI__D,FLOW_ANG__D,X_IN,Y_IN
1.300000000000000000e+01,1.594448699999999886e-01,5.003127800000000125e-01,1.039939799999999970e+00,7.406924600000000680e+01,3.502039299999999966e-01,3.490363100000000163e-01,3.986119999999999941e-02,1.250782000000000005e-01
1.400000000000000000e+01,1.948039500000000035e-01,6.144631299999999685e-01,1.063479000000000063e+00,7.010369500000000187e+01,6.913427699999999954e-01,6.901751499999999595e-01,4.870100000000000123e-02,1.536157999999999968e-01
1.500000000000000000e+01,2.442899400000000110e-01,7.435354400000000474e-01,1.097925899999999899e+00,6.561729300000000364e+01,1.296504799999999902e+00,1.295337200000000077e+00,6.107250000000000179e-02,1.858838999999999908e-01
1.600000000000000000e+01,2.984345700000000101e-01,8.615723499999999868e-01,1.138127499999999959e+00,6.147828499999999963e+01,2.119172499999999904e+00,2.118004899999999857e+00,7.460859999999999714e-02,2.153931000000000040e-01
1.700000000000000000e+01,3.533866299999999794e-01,9.662367200000000489e-01,1.182433800000000090e+00,5.774844300000000175e+01,3.132282399999999800e+00,3.131114800000000198e+00,8.834670000000000023e-02,2.415592000000000017e-01
1.800000000000000000e+01,4.065607600000000210e-01,1.057705700000000082e+00,1.229837700000000034e+00,5.440144200000000296e+01,4.307575199999999604e+00,4.306407600000000002e+00,1.016402000000000000e-01,2.644264000000000059e-01
1.900000000000000000e+01,4.560113399999999872e-01,1.136477399999999971e+00,1.279578600000000010e+00,5.139878800000000325e+01,5.615846499999999963e+00,5.614678900000000361e+00,1.140028000000000014e-01,2.841194000000000219e-01
