# POINT,X,Y,Mach,MACH_ANG__D,PSI__D,FLOW_ANG__D,X_IN,Y_IN
1.800000000000000000e+01,9.728801500000000546e-02,7.087764399999999521e-01,1.044859999999999900e+00,7.314982600000000446e+01,4.155692100000000222e-01,2.836710399999999854e-01,2.432199999999999987e-02,1.771940999999999933e-01
1.900000000000000000e+01,1.258159000000000083e-01,7.962066100000000368e-01,1.067534200000000100e+00,6.951079599999999914e+01,7.567080499999999654e-01,6.248098800000000397e-01,3.145400000000000279e-02,1.990516999999999981e-01
2.000000000000000000e+01,1.676417699999999955e-01,9.020932499999999576e-01,1.101332100000000036e+00,6.522922300000000462e+01,1.361870099999999972e+00,1.229971900000000007e+00,4.191040000000000043e-02,2.255233000000000099e-01
2.100000000000000000e+01,2.146216099999999904e-01,1.002625199999999994e+00,1.141124000000000027e+00,6.120264800000000349e+01,2.184537800000000196e+00,2.052639600000000009e+00,5.365539999999999893e-02,2.506562999999999986e-01
2.200000000000000000e+01,2.629047899999999993e-01,1.093386600000000097e+00,1.185162899999999908e+00,5.753994500000000301e+01,3.197647700000000093e+00,3.065749499999999905e+00,6.572619999999999851e-02,2.733465999999999951e-01
