# POINT,X,Y,Mach,MACH_ANG__D,PSI__D,FLOW_ANG__D,X_IN,Y_IN
1.400000000000000000e+01,1.472461100000000134e-01,5.420055099999999682e-01,1.040314600000000089e+00,7.399708300000000349e+01,3.550606099999999987e-01,3.441796400000000089e-01,3.681149999999999700e-02,1.355013999999999941e-01
1.500000000000000000e+01,1.811107100000000081e-01,6.508804599999999940e-01,1.063784099999999899e+00,7.005834099999999864e+01,6.961994400000000027e-01,6.853184799999999521e-01,4.527769999999999712e-02,1.627201000000000064e-01
1.600000000000000000e+01,2.289609800000000084e-01,7.754005200000000375e-01,1.098180600000000062e+00,6.558799199999999985e+01,1.301361500000000060e+00,1.290480499999999919e+00,5.724019999999999803e-02,1.938500999999999974e-01
1.700000000000000000e+01,2.815974500000000269e-01,8.899884200000000023e-01,1.138350900000000054e+00,6.145759699999999981e+01,2.124029199999999840e+00,2.113148199999999921e+00,7.039940000000000087e-02,2.224971000000000032e-01
1.800000000000000000e+01,3.351569300000000196e-01,9.918997400000000297e-01,1.182636999999999938e+00,5.773284300000000258e+01,3.137139100000000180e+00,3.126258099999999818e+00,8.378919999999999424e-02,2.479748999999999981e-01
1.900000000000000000e+01,3.870280300000000229e-01,1.081059400000000004e+00,1.230027399999999993e+00,5.438910400000000323e+01,4.312431899999999985e+00,4.301550899999999622e+00,9.675699999999999579e-02,2.702648000000000272e-01
2.000000000000000000e+01,4.352450500000000222e-01,1.157818100000000072e+00,1.279759000000000091e+00,5.138867499999999922e+01,5.620703200000000344e+00,5.609822199999999981e+00,1.088112999999999997e-01,2.894545000000000035e-01
