# POINT,X,Y,Mach,MACH_ANG__D,PSI__D,FLOW_ANG__D,X_IN,Y_IN
1.200000000000000000e+01,1.716130399999999945e-01,4.586200500000000013e-01,1.039885600000000077e+00,7.407971499999999310e+01,3.495031299999999952e-01,3.497371100000000177e-01,4.290329999999999838e-02,1.146550000000000069e-01
1.300000000000000000e+01,2.085372000000000059e-01,5.778945300000000174e-01,1.063434900000000072e+00,7.011025800000000174e+01,6.906419700000000494e-01,6.908759500000000164e-01,5.213430000000000147e-02,1.444736000000000076e-01
1.400000000000000000e+01,2.597206899999999763e-01,7.114386999999999794e-01,1.097889099999999951e+00,6.562152700000000038e+01,1.295803999999999956e+00,1.296038000000000023e+00,6.493019999999999348e-02,1.778597000000000095e-01
1.500000000000000000e+01,3.154215799999999792e-01,8.328929699999999547e-01,1.138095199999999974e+00,6.148127300000000162e+01,2.118471700000000180e+00,2.118705700000000025e+00,7.885540000000000604e-02,2.082231999999999972e-01
1.600000000000000000e+01,3.718060000000000254e-01,9.403008000000000477e-01,1.182404400000000022e+00,5.775069599999999781e+01,3.131581600000000076e+00,3.131815599999999922e+00,9.295150000000000634e-02,2.350752000000000119e-01
1.700000000000000000e+01,4.263175000000000159e-01,1.034080600000000016e+00,1.229810300000000023e+00,5.440322299999999700e+01,4.306874399999999881e+00,4.307108399999999726e+00,1.065794000000000047e-01,2.585201999999999778e-01
1.800000000000000000e+01,4.770320499999999853e-01,1.114873000000000003e+00,1.279552599999999929e+00,5.140024700000000024e+01,5.615145700000000240e+00,5.615379700000000085e+00,1.192580000000000029e-01,2.787182999999999744e-01
