# POINT,X,Y,Mach,MACH_ANG__D,PSI__D,FLOW_ANG__D,X_IN,Y_IN
5.000000000000000000e+00,2.599150100000000019e-01,1.667709300000000117e-01,1.049453699999999934e+00,7.234060399999999902e+01,4.796105199999999846e-01,2.196297299999999952e-01,6.497880000000000322e-02,4.169269999999999921e-02
6.000000000000000000e+00,3.098506699999999947e-01,3.131153600000000092e-01,1.071408200000000033e+00,6.896336900000000014e+01,8.207493500000000441e-01,5.607685700000000217e-01,7.746269999999999545e-02,7.827879999999999561e-02
7.000000000000000000e+00,3.750843700000000003e-01,4.738184999999999758e-01,1.104626000000000108e+00,6.486153500000000349e+01,1.425911399999999940e+00,1.165930600000000039e+00,9.377109999999999612e-02,1.184545999999999932e-01
8.000000000000000000e+00,4.435581900000000188e-01,6.177974200000000415e-01,1.144037900000000052e+00,6.093827300000000236e+01,2.248579100000000164e+00,1.988598300000000041e+00,1.108895000000000020e-01,1.544493999999999867e-01
9.000000000000000000e+00,5.116237399999999935e-01,7.441438999999999693e-01,1.187824500000000061e+00,5.733867000000000047e+01,3.261689000000000060e+00,3.001708199999999938e+00,1.279058999999999890e-01,1.860360000000000069e-01
1.000000000000000000e+01,5.769859499999999697e-01,8.543525299999999989e-01,1.234876300000000038e+00,5.407617400000000174e+01,4.436981799999999865e+00,4.177000999999999742e+00,1.442464999999999997e-01,2.135881000000000030e-01
1.100000000000000000e+01,6.379087700000000138e-01,9.498104299999999833e-01,1.284374600000000033e+00,5.113157000000000352e+01,5.745253100000000224e+00,5.485272300000000101e+00,1.594772000000000134e-01,2.374526000000000137e-01
1.200000000000000000e+01,6.930252999999999552e-01,1.031542799999999982e+00,1.335645200000000088e+00,4.847805300000000273e+01,7.157309599999999605e+00,6.897328800000000371e+00,1.732563000000000020e-01,2.578856999999999955e-01
1.300000000000000000e+01,7.412860799999999584e-01,1.100285799999999981e+00,1.388097399999999926e+00,4.608838399999999780e+01,8.644868300000000616e+00,8.384887499999999605e+00,1.853215000000000001e-01,2.750715000000000243e-01
