# POINT,X,Y,Mach,MACH_ANG__D,PSI__D,FLOW_ANG__D,X_IN,Y_IN
2.000000000000000000e+01,7.107788700000000626e-02,7.921618999999999744e-01,1.048885199999999962e+00,7.243840899999999294e+01,4.715341200000000010e-01,2.277061300000000066e-01,1.776950000000000057e-02,1.980405000000000082e-01
2.100000000000000000e+01,9.727323200000000114e-02,8.693440500000000348e-01,1.070924599999999893e+00,6.903073600000000454e+01,8.126729599999999998e-01,5.688449599999999551e-01,2.431830000000000103e-02,2.173360000000000014e-01
2.200000000000000000e+01,1.363397899999999885e-01,9.659067500000000361e-01,1.104212799999999994e+00,6.490725500000000636e+01,1.417834999999999956e+00,1.174007000000000023e+00,3.408490000000000131e-02,2.414766999999999886e-01
2.300000000000000000e+01,1.806579000000000101e-01,1.059296999999999933e+00,1.143671600000000010e+00,6.097131300000000209e+01,2.240502699999999958e+00,1.996674700000000025e+00,4.516450000000000325e-02,2.648242000000000096e-01
2.400000000000000000e+01,2.264207099999999973e-01,1.144377800000000001e+00,1.187489500000000087e+00,5.736389299999999736e+01,3.253612599999999855e+00,3.009784600000000143e+00,5.660520000000000135e-02,2.860944000000000265e-01
