# POINT,X,Y,Mach,MACH_ANG__D,PSI__D,FLOW_ANG__D,X_IN,Y_IN
2.200000000000000000e+01,4.370178100000000204e-02,8.755473700000000470e-01,1.054054100000000105e+00,7.157131800000000510e+01,5.464751500000000206e-01,1.527650899999999923e-01,1.092540000000000004e-02,2.188867999999999925e-01
2.300000000000000000e+01,6.775399499999999742e-02,9.431553799999999876e-01,1.075359699999999918e+00,6.842257200000000239e+01,8.876139899999999638e-01,4.939039299999999910e-01,1.693849999999999870e-02,2.357887999999999928e-01
2.400000000000000000e+01,1.041963199999999951e-01,1.030564800000000059e+00,1.108022099999999899e+00,6.448986399999999719e+01,1.492776000000000103e+00,1.099066000000000098e+00,2.604909999999999864e-02,2.576412000000000146e-01
2.500000000000000000e+01,1.459308300000000114e-01,1.116782100000000000e+00,1.147058099999999969e+00,6.066795199999999966e+01,2.315443699999999883e+00,1.921733700000000100e+00,3.648269999999999985e-02,2.791954999999999854e-01
2.600000000000000000e+01,1.892184600000000050e-01,1.196107599999999938e+00,1.190590800000000060e+00,5.713158500000000117e+01,3.328553599999999779e+00,2.934843600000000219e+00,4.730460000000000220e-02,2.990268999999999844e-01
