# POINT,X,Y,Mach,MACH_ANG__D,PSI__D,FLOW_ANG__D,X_IN,Y_IN
2.300000000000000000e+01,2.950930800000000145e-02,9.172401000000000026e-01,1.057069100000000095e+00,7.108701200000000142e+01,5.917018299999999842e-01,1.075384199999999957e-01,7.377299999999999830e-03,2.293100000000000138e-01
2.400000000000000000e+01,5.255406800000000239e-02,9.803595400000000293e-01,1.077983399999999925e+00,6.807264800000000093e+01,9.328406599999999882e-01,4.486772600000000222e-01,1.313849999999999914e-02,2.450898999999999994e-01
2.500000000000000000e+01,8.772932699999999584e-02,1.063293499999999892e+00,1.110295699999999997e+00,6.424508699999999806e+01,1.538002700000000056e+00,1.053839299999999923e+00,2.193229999999999832e-02,2.658233999999999875e-01
