# POINT,X,Y,Mach,MACH_ANG__D,PSI__D,FLOW_ANG__D,X_IN,Y_IN
9.000000000000000000e+00,2.084025999999999934e-01,3.335418499999999731e-01,1.041752999999999929e+00,7.372352800000000173e+01,3.738889300000000082e-01,3.253513199999999994e-01,5.210069999999999979e-02,8.338550000000000129e-02
1.000000000000000000e+01,2.504649099999999851e-01,4.666817500000000063e-01,1.064961000000000046e+00,6.988455100000000186e+01,7.150277699999999514e-01,6.664901600000000537e-01,6.261619999999999686e-02,1.166703999999999936e-01
1.100000000000000000e+01,3.071659400000000262e-01,6.129457299999999664e-01,1.099165500000000018e+00,6.547511900000000651e+01,1.320189800000000080e+00,1.271652199999999899e+00,7.679149999999999865e-02,1.532363999999999948e-01
1.200000000000000000e+01,3.678860400000000253e-01,7.444181699999999902e-01,1.139215899999999948e+00,6.137771299999999997e+01,2.142857499999999860e+00,2.094319899999999901e+00,9.197149999999999770e-02,1.861045000000000060e-01
1.300000000000000000e+01,4.288679699999999873e-01,8.600112699999999943e-01,1.183424199999999926e+00,5.767253000000000185e+01,3.155967400000000200e+00,3.107429799999999798e+00,1.072170000000000067e-01,2.150027999999999939e-01
1.400000000000000000e+01,4.876575300000000057e-01,9.607658199999999926e-01,1.230762200000000028e+00,5.434136999999999773e+01,4.331260200000000005e+00,4.282722599999999602e+00,1.219144000000000061e-01,2.401915000000000022e-01
1.500000000000000000e+01,5.424041099999999949e-01,1.047708400000000095e+00,1.280457900000000038e+00,5.134953300000000098e+01,5.639531500000000364e+00,5.590993899999999961e+00,1.356009999999999993e-01,2.619271000000000238e-01
1.600000000000000000e+01,5.916659699999999855e-01,1.121611099999999972e+00,1.331864500000000007e+00,4.866207699999999647e+01,7.051587999999999745e+00,7.003050400000000231e+00,1.479165000000000063e-01,2.804028000000000076e-01
1.700000000000000000e+01,6.343468799999999463e-01,1.183036600000000105e+00,1.384409100000000059e+00,4.624717400000000112e+01,8.539146699999999868e+00,8.490609100000000353e+00,1.585866999999999971e-01,2.957590999999999970e-01
