# POINT,X,Y,Mach,MACH_ANG__D,PSI__D,FLOW_ANG__D,X_IN,Y_IN
2.400000000000000000e+01,1.494909600000000026e-02,9.589328299999999583e-01,1.060374699999999892e+00,7.057246200000000158e+01,6.425079299999999494e-01,5.673232200000000169e-02,3.737299999999999824e-03,2.397332000000000074e-01
2.500000000000000000e+01,3.702583599999999947e-02,1.017775700000000061e+00,1.080887399999999943e+00,6.769336699999999496e+01,9.836467599999999534e-01,3.978711600000000015e-01,9.256500000000000838e-03,2.544439000000000006e-01
2.600000000000000000e+01,7.096169099999999341e-02,1.096319400000000055e+00,1.112828300000000104e+00,6.397611100000000306e+01,1.588808800000000021e+00,1.003033199999999958e+00,1.774039999999999992e-02,2.740797999999999845e-01
