# POINT,X,Y,Mach,MACH_ANG__D,PSI__D,FLOW_ANG__D,X_IN,Y_IN
1.700000000000000000e+01,1.100319800000000015e-01,6.670837099999999964e-01,1.043279499999999915e+00,7.343882000000000687e+01,3.941971499999999962e-01,3.050431000000000115e-01,2.750800000000000120e-02,1.667708999999999997e-01
1.800000000000000000e+01,1.398049000000000097e-01,7.598199900000000007e-01,1.066220100000000004e+00,6.970061200000000667e+01,7.353359900000000504e-01,6.461819300000000155e-01,3.495120000000000171e-02,1.899550000000000127e-01
1.900000000000000000e+01,1.830680799999999941e-01,8.703925000000000134e-01,1.100223500000000021e+00,6.535463699999999676e+01,1.340497999999999967e+00,1.251344000000000012e+00,4.576700000000000212e-02,2.175980999999999888e-01
2.000000000000000000e+01,2.314149000000000067e-01,9.744719400000000364e-01,1.140146799999999905e+00,6.129211300000000051e+01,2.163165699999999969e+00,2.074011699999999792e+00,5.785370000000000096e-02,2.436180000000000012e-01
2.100000000000000000e+01,2.809821800000000258e-01,1.068045399999999923e+00,1.184271999999999991e+00,5.760777099999999962e+01,3.176275599999999866e+00,3.087121600000000132e+00,7.024550000000000238e-02,2.670114000000000098e-01
