# POINT,X,Y,Mach,MACH_ANG__D,PSI__D,FLOW_ANG__D,X_IN,Y_IN
1.100000000000000000e+01,1.837968799999999958e-01,4.169273199999999902e-01,1.040162100000000089e+00,7.402640499999999690e+01,3.530816700000000141e-01,3.461585699999999988e-01,4.594920000000000254e-02,1.042317999999999995e-01
1.200000000000000000e+01,2.223590900000000092e-01,5.411133000000000193e-01,1.063659799999999933e+00,7.007679500000000417e+01,6.942205099999999574e-01,6.872974099999999975e-01,5.558980000000000171e-02,1.352782999999999902e-01
1.300000000000000000e+01,2.753072999999999770e-01,6.790282600000000501e-01,1.098076800000000075e+00,6.559992099999999482e+01,1.299382500000000107e+00,1.292459400000000036e+00,6.882679999999999354e-02,1.697570999999999941e-01
1.400000000000000000e+01,3.326185899999999918e-01,8.038644799999999924e-01,1.138259899999999991e+00,6.146602299999999985e+01,2.122050199999999887e+00,2.115127100000000038e+00,8.315459999999999519e-02,2.009661000000000086e-01
1.500000000000000000e+01,3.904811300000000096e-01,9.140078299999999656e-01,1.182554200000000000e+00,5.773919699999999722e+01,3.135160099999999783e+00,3.128236999999999934e+00,9.762029999999999319e-02,2.285020000000000107e-01
1.600000000000000000e+01,4.463701600000000158e-01,1.010103500000000043e+00,1.229950099999999935e+00,5.439412999999999698e+01,4.310452999999999868e+00,4.303529900000000019e+00,1.115924999999999973e-01,2.525259000000000253e-01
1.700000000000000000e+01,4.983846800000000243e-01,1.092928700000000086e+00,1.279685500000000031e+00,5.139279499999999956e+01,5.618724300000000227e+00,5.611801200000000378e+00,1.245962000000000042e-01,2.732321999999999806e-01
