# POINT,X,Y,Mach,MACH_ANG__D,PSI__D,FLOW_ANG__D,X_IN,Y_IN
6.000000000000000000e+00,2.466310100000000116e-01,2.084636599999999951e-01,1.046928199999999975e+00,7.278004799999999364e+01,4.440541599999999756e-01,2.551860799999999818e-01,6.165779999999999872e-02,5.211589999999999973e-02
7.000000000000000000e+00,2.944949399999999828e-01,3.521694200000000108e-01,1.069268700000000072e+00,6.926349100000000192e+01,7.851930000000000298e-01,5.963249200000000361e-01,7.362370000000000025e-02,8.804240000000000677e-02
8.000000000000000000e+00,3.574573300000000176e-01,5.096088899999999811e-01,1.102802300000000013e+00,6.506420699999999613e+01,1.390355000000000008e+00,1.201486899999999913e+00,8.936429999999999374e-02,1.274021999999999932e-01
9.000000000000000000e+00,4.238597100000000006e-01,6.505877199999999805e-01,1.142422700000000013e+00,6.108437800000000095e+01,2.213022699999999787e+00,2.024154699999999973e+00,1.059649000000000008e-01,1.626469000000000109e-01
1.000000000000000000e+01,4.900312299999999843e-01,7.742761099999999619e-01,1.186348299999999911e+00,5.745005900000000310e+01,3.226132600000000128e+00,3.037264500000000034e+00,1.225078000000000000e-01,1.935689999999999911e-01
1.100000000000000000e+01,5.536362799999999806e-01,8.821064499999999864e-01,1.233494799999999891e+00,5.416483499999999651e+01,4.401425500000000213e+00,4.212557399999999674e+00,1.384091000000000071e-01,2.205265999999999893e-01
1.200000000000000000e+01,6.129088700000000500e-01,9.753975000000000284e-01,1.283058699999999996e+00,5.120453400000000244e+01,5.709696799999999683e+00,5.520828700000000033e+00,1.532272000000000078e-01,2.438493999999999939e-01
1.300000000000000000e+01,6.664624500000000396e-01,1.055121200000000092e+00,1.334374600000000077e+00,4.853970900000000199e+01,7.121753299999999953e+00,6.932885200000000303e+00,1.666156000000000026e-01,2.637803000000000231e-01
1.400000000000000000e+01,7.132352899999999662e-01,1.121975600000000073e+00,1.386857500000000076e+00,4.614161800000000113e+01,8.609311899999999795e+00,8.420443799999999257e+00,1.783087999999999895e-01,2.804939000000000182e-01
