# POINT,X,Y,Mach,MACH_ANG__D,PSI__D,FLOW_ANG__D,X_IN,Y_IN
1.600000000000000000e+01,1.225808899999999979e-01,6.253909800000000407e-01,1.041991499999999959e+00,7.367866600000000687e+01,3.770403700000000136e-01,3.221998799999999941e-01,3.064520000000000091e-02,1.563477000000000061e-01
1.700000000000000000e+01,1.536558799999999947e-01,7.235028599999999699e-01,1.065156999999999909e+00,6.985577299999999923e+01,7.181792099999999568e-01,6.633387200000000483e-01,3.841399999999999676e-02,1.808757000000000004e-01
1.800000000000000000e+01,1.983994699999999944e-01,8.387546599999999852e-01,1.099329999999999918e+00,6.545633800000000235e+01,1.323341199999999995e+00,1.268500699999999926e+00,4.959990000000000232e-02,2.096887000000000056e-01
1.900000000000000000e+01,2.481419099999999933e-01,9.463611800000000240e-01,1.139360499999999998e+00,6.136439200000000227e+01,2.146008899999999997e+00,2.091168399999999927e+00,6.203550000000000036e-02,2.365903000000000034e-01
2.000000000000000000e+01,2.990138199999999857e-01,1.042729199999999912e+00,1.183555799999999936e+00,5.766246100000000041e+01,3.159118799999999894e+00,3.104278299999999824e+00,7.475350000000000050e-02,2.606822999999999779e-01
