# POINT,X,Y,Mach,MACH_ANG__D,PSI__D,FLOW_ANG__D,X_IN,Y_IN
1.500000000000000000e+01,1.349722499999999881e-01,5.836982400000000348e-01,1.041001099999999902e+00,7.386586900000000355e+01,3.640090200000000165e-01,3.352312299999999912e-01,3.374309999999999810e-02,1.459245999999999877e-01
1.600000000000000000e+01,1.674099500000000018e-01,6.872075899999999793e-01,1.064344600000000085e+00,6.997534500000000435e+01,7.051478500000000205e-01,6.763700700000000454e-01,4.185250000000000081e-02,1.718019000000000074e-01
1.700000000000000000e+01,2.136810600000000060e-01,8.071145800000000259e-01,1.098649200000000103e+00,6.553420500000000004e+01,1.310309900000000027e+00,1.281532099999999952e+00,5.342029999999999695e-02,2.017786000000000024e-01
1.800000000000000000e+01,2.648518499999999998e-01,9.182247999999999521e-01,1.138762300000000005e+00,6.141956799999999816e+01,2.132977599999999807e+00,2.104199799999999954e+00,6.621299999999999408e-02,2.295561999999999880e-01
1.900000000000000000e+01,3.170529599999999948e-01,1.017371400000000037e+00,1.183011299999999988e+00,5.770414600000000149e+01,3.146087500000000148e+00,3.117309699999999850e+00,7.926320000000000587e-02,2.543427999999999800e-01
2.000000000000000000e+01,3.676499999999999768e-01,1.104219400000000073e+00,1.230376700000000101e+00,5.436639799999999667e+01,4.321380300000000396e+00,4.292602500000000099e+00,9.191249999999999420e-02,2.760547999999999891e-01
2.100000000000000000e+01,4.146586700000000070e-01,1.178968299999999969e+00,1.280091199999999985e+00,5.137006000000000228e+01,5.629651599999999867e+00,5.600873799999999569e+00,1.036646999999999985e-01,2.947421000000000069e-01
