# POINT,X,Y,Mach,MACH_ANG__D,PSI__D,FLOW_ANG__D,X_IN,Y_IN
1.300000000000000000e+01,1.594448699999999886e-01,5.003127800000000125e-01,1.039939799999999970e+00,7.406924600000000680e+01,3.502039299999999966e-01,3.490363100000000163e-01,3.986119999999999941e-02,1.250782000000000005e-01
1.400000000000000000e+01,1.845361399999999874e-01,5.833646700000000296e-01,1.056510499999999908e+00,7.117563099999999565e+01,5.832406700000000166e-01,5.820730499999999807e-01,4.613400000000000140e-02,1.458412000000000042e-01
1.500000000000000000e+01,2.201666700000000088e-01,6.830878900000000309e-01,1.080752699999999900e+00,6.771077099999999405e+01,9.812742100000000356e-01,9.801065899999999997e-01,5.504169999999999896e-02,1.707720000000000071e-01
1.600000000000000000e+01,2.600649500000000169e-01,7.788087299999999491e-01,1.109048299999999987e+00,6.437898699999999508e+01,1.513144199999999939e+00,1.511976599999999893e+00,6.501619999999999622e-02,1.947021999999999919e-01
1.700000000000000000e+01,3.018985399999999930e-01,8.674036000000000524e-01,1.140256600000000065e+00,6.128203599999999796e+01,2.165565400000000196e+00,2.164397699999999869e+00,7.547460000000000280e-02,2.168509000000000131e-01
1.800000000000000000e+01,3.441764299999999777e-01,9.484014699999999687e-01,1.173698300000000083e+00,5.843071100000000229e+01,2.925190600000000085e+00,2.924023000000000039e+00,8.604409999999999836e-02,2.371003999999999889e-01
1.900000000000000000e+01,3.858046800000000109e-01,1.021968999999999905e+00,1.208873499999999934e+00,5.581384599999999807e+01,3.777875700000000059e+00,3.776708100000000012e+00,9.645120000000000082e-02,2.554923000000000055e-01
2.000000000000000000e+01,4.259369499999999809e-01,1.088424199999999953e+00,1.245370499999999936e+00,5.341503300000000110e+01,4.708926100000000226e+00,4.707758400000000343e+00,1.064842000000000011e-01,2.721061000000000174e-01
2.100000000000000000e+01,4.639115300000000164e-01,1.148103899999999955e+00,1.282828000000000079e+00,5.121735600000000233e+01,5.703465600000000357e+00,5.702297999999999867e+00,1.159778999999999949e-01,2.870260000000000034e-01
