# POINT,X,Y,Mach,MACH_ANG__D,PSI__D,FLOW_ANG__D,X_IN,Y_IN
1.000000000000000000e+01,1.960439599999999893e-01,3.752345899999999790e-01,1.040780500000000108e+00,7.390789999999999793e+01,3.611260499999999762e-01,3.381141999999999759e-01,4.901099999999999901e-02,9.380860000000000587e-02
1.100000000000000000e+01,2.247539500000000079e-01,4.693547100000000083e-01,1.057231199999999927e+00,7.106140100000000359e+01,5.941627900000000517e-01,5.711509399999999959e-01,5.618850000000000233e-02,1.173387000000000041e-01
1.200000000000000000e+01,2.645306800000000180e-01,5.800042699999999884e-01,1.081371700000000047e+00,6.763089300000000037e+01,9.921963200000000205e-01,9.691844800000000149e-01,6.613270000000000259e-02,1.450010999999999939e-01
1.300000000000000000e+01,3.083317400000000208e-01,6.846668200000000093e-01,1.109596999999999944e+00,6.431996499999999628e+01,1.524066300000000096e+00,1.501054499999999958e+00,7.708289999999999587e-02,1.711667000000000050e-01
1.400000000000000000e+01,3.537918899999999978e-01,7.806638200000000083e-01,1.140756199999999998e+00,6.123627299999999707e+01,2.176487499999999908e+00,2.153475600000000156e+00,8.844799999999999884e-02,1.951660000000000061e-01
1.500000000000000000e+01,3.994601199999999741e-01,8.679615299999999811e-01,1.174162600000000056e+00,5.839386400000000066e+01,2.936112699999999798e+00,2.913100899999999882e+00,9.986499999999999544e-02,2.169903999999999999e-01
1.600000000000000000e+01,4.442837499999999773e-01,9.470317000000000318e-01,1.209311800000000048e+00,5.578328700000000140e+01,3.788797800000000215e+00,3.765785999999999856e+00,1.110709000000000002e-01,2.367578999999999934e-01
1.700000000000000000e+01,4.874485800000000202e-01,1.018397800000000020e+00,1.245789500000000105e+00,5.338908200000000193e+01,4.719848200000000382e+00,4.696836300000000186e+00,1.218621000000000010e-01,2.545994999999999786e-01
1.800000000000000000e+01,5.283161699999999739e-01,1.082537099999999919e+00,1.283232399999999940e+00,5.119488799999999884e+01,5.714387699999999626e+00,5.691375899999999710e+00,1.320790000000000020e-01,2.706342999999999943e-01
