# POINT,X,Y,Mach,MACH_ANG__D,PSI__D,FLOW_ANG__D,X_IN,Y_IN
1.900000000000000000e+01,8.431409300000000662e-02,7.504691700000000187e-01,1.046729299999999974e+00,7.281520500000000595e+01,4.412901399999999974e-01,2.579501000000000155e-01,2.107850000000000001e-02,1.876172999999999869e-01
2.000000000000000000e+01,1.035081100000000004e-01,8.094933600000000506e-01,1.062405000000000044e+00,7.026435700000000395e+01,6.743268799999999619e-01,4.909868399999999800e-01,2.587700000000000070e-02,2.023733000000000060e-01
2.100000000000000000e+01,1.321226299999999909e-01,8.858011999999999553e-01,1.085857300000000025e+00,6.706262300000000209e+01,1.072360399999999991e+00,8.890203800000000545e-01,3.303070000000000311e-02,2.214502999999999888e-01
2.200000000000000000e+01,1.652365199999999978e-01,9.627065000000000206e-01,1.113592799999999938e+00,6.389567300000000216e+01,1.604230400000000056e+00,1.420890399999999998e+00,4.130910000000000137e-02,2.406765999999999905e-01
2.300000000000000000e+01,2.006602000000000108e-01,1.035973599999999939e+00,1.144403700000000024e+00,6.090533299999999883e+01,2.256651600000000091e+00,2.073311499999999974e+00,5.016500000000000126e-02,2.589933999999999847e-01
