# POINT,X,Y,Mach,MACH_ANG__D,PSI__D,FLOW_ANG__D,X_IN,Y_IN
9.000000000000000000e+00,2.084025999999999934e-01,3.335418499999999731e-01,1.041752999999999929e+00,7.372352800000000173e+01,3.738889300000000082e-01,3.253513199999999994e-01,5.210069999999999979e-02,8.338550000000000129e-02
1.000000000000000000e+01,2.384253500000000081e-01,4.308951699999999940e-01,1.058068299999999962e+00,7.092973700000000292e+01,6.069256699999999727e-01,5.583880599999999639e-01,5.960630000000000095e-02,1.077237999999999946e-01
1.100000000000000000e+01,2.797010400000000119e-01,5.449108799999999864e-01,1.082092599999999960e+00,6.753832599999999786e+01,1.004959200000000052e+00,9.564215900000000437e-01,6.992529999999999579e-02,1.362277000000000071e-01
1.200000000000000000e+01,3.249065899999999951e-01,6.524280799999999658e-01,1.110236900000000082e+00,6.425137300000000096e+01,1.536829199999999895e+00,1.488291599999999937e+00,8.122659999999999603e-02,1.631070000000000020e-01
1.300000000000000000e+01,3.716673600000000022e-01,7.508403200000000055e-01,1.141339199999999998e+00,6.118300500000000142e+01,2.189250400000000152e+00,2.140712699999999913e+00,9.291679999999999384e-02,1.877100999999999908e-01
1.400000000000000000e+01,4.185484400000000216e-01,8.402234600000000331e-01,1.174704500000000040e+00,5.835093200000000024e+01,2.948875600000000041e+00,2.900338000000000083e+00,1.046370999999999968e-01,2.100558999999999898e-01
1.500000000000000000e+01,4.645129100000000011e-01,9.211338999999999499e-01,1.209823599999999999e+00,5.574765899999999874e+01,3.801560700000000015e+00,3.753023100000000056e+00,1.161282000000000009e-01,2.302835000000000021e-01
1.600000000000000000e+01,5.087586699999999684e-01,9.941551699999999769e-01,1.246278800000000020e+00,5.335881400000000241e+01,4.732611099999999738e+00,4.684073399999999943e+00,1.271896999999999889e-01,2.485388000000000042e-01
1.700000000000000000e+01,5.506559500000000051e-01,1.059806500000000096e+00,1.283704900000000038e+00,5.116867500000000035e+01,5.727150599999999869e+00,5.678613000000000355e+00,1.376640000000000086e-01,2.649516000000000093e-01
