# POINT,X,Y,Mach,MACH_ANG__D,PSI__D,FLOW_ANG__D,X_IN,Y_IN
2.400000000000000000e+01,1.494909600000000026e-02,9.589328299999999583e-01,1.060374699999999892e+00,7.057246200000000158e+01,6.425079299999999494e-01,5.673232200000000169e-02,3.737299999999999824e-03,2.397332000000000074e-01
2.500000000000000000e+01,3.033114799999999875e-02,1.000644899999999948e+00,1.074653000000000080e+00,6.851804199999999412e+01,8.755446599999999746e-01,2.897690600000000227e-01,7.582799999999999783e-03,2.501611999999999725e-01
2.600000000000000000e+01,5.404381099999999716e-02,1.058420300000000092e+00,1.096719900000000081e+00,6.575666400000000067e+01,1.273578199999999994e+00,6.878026000000000417e-01,1.351100000000000044e-02,2.646050999999999820e-01
