# POINT,X,Y,Mach,MACH_ANG__D,PSI__D,FLOW_ANG__D,X_IN,Y_IN
2.200000000000000000e+01,4.370178100000000204e-02,8.755473700000000470e-01,1.054054100000000105e+00,7.157131800000000510e+01,5.464751500000000206e-01,1.527650899999999923e-01,1.092540000000000004e-02,2.188867999999999925e-01
2.300000000000000000e+01,6.050773599999999947e-02,9.237053899999999595e-01,1.068924299999999938e+00,6.931231200000000570e+01,7.795118899999999851e-01,3.858018300000000123e-01,1.512690000000000042e-02,2.309263000000000010e-01
2.400000000000000000e+01,8.609639500000000611e-02,9.886432000000000553e-01,1.091601000000000043e+00,6.636037600000000225e+01,1.177545400000000075e+00,7.838353700000000313e-01,2.152410000000000087e-02,2.471608000000000138e-01
2.500000000000000000e+01,1.161591000000000012e-01,1.056070000000000064e+00,1.118755299999999897e+00,6.336115800000000320e+01,1.709415399999999918e+00,1.315705399999999914e+00,2.903980000000000103e-02,2.640175000000000161e-01
2.600000000000000000e+01,1.486253600000000119e-01,1.121495200000000025e+00,1.149140800000000073e+00,6.048367700000000013e+01,2.361836600000000175e+00,1.968126499999999890e+00,3.715630000000000321e-02,2.803738000000000063e-01
