# POINT,X,Y,Mach,MACH_ANG__D,PSI__D,FLOW_ANG__D,X_IN,Y_IN
1.700000000000000000e+01,1.100319800000000015e-01,6.670837099999999964e-01,1.043279499999999915e+00,7.343882000000000687e+01,3.941971499999999962e-01,3.050431000000000115e-01,2.750800000000000120e-02,1.667708999999999997e-01
1.800000000000000000e+01,1.310107500000000091e-01,7.339791900000000036e-01,1.059389399999999926e+00,7.072411099999999351e+01,6.272338899999999606e-01,5.380798399999999759e-01,3.275270000000000264e-02,1.834948000000000135e-01
1.900000000000000000e+01,1.618046099999999876e-01,8.181163000000000185e-01,1.083234299999999983e+00,6.739270899999999642e+01,1.025267399999999940e+00,9.361133699999999447e-01,4.045119999999999966e-02,2.045290999999999915e-01
2.000000000000000000e+01,1.970622499999999944e-01,9.013629600000000464e-01,1.111252099999999965e+00,6.414305699999999888e+01,1.557137400000000005e+00,1.467983400000000049e+00,4.926559999999999967e-02,2.253407000000000049e-01
2.100000000000000000e+01,2.345322200000000135e-01,9.798048700000000499e-01,1.142265000000000086e+00,6.109870300000000043e+01,2.209558599999999817e+00,2.120404499999999803e+00,5.863310000000000050e-02,2.449512000000000078e-01
2.200000000000000000e+01,2.726986399999999922e-01,1.052273599999999920e+00,1.175565799999999994e+00,5.828289800000000298e+01,2.969183800000000151e+00,2.880029799999999973e+00,6.817470000000000474e-02,2.630683999999999800e-01
2.300000000000000000e+01,3.104301300000000263e-01,1.118468299999999971e+00,1.210637299999999916e+00,5.569115000000000038e+01,3.821868900000000124e+00,3.732714899999999947e+00,7.760749999999999593e-02,2.796171000000000073e-01
