# POINT,X,Y,Mach,MACH_ANG__D,PSI__D,FLOW_ANG__D,X_IN,Y_IN
2.300000000000000000e+01,2.950930800000000145e-02,9.172401000000000026e-01,1.057069100000000095e+00,7.108701200000000142e+01,5.917018299999999842e-01,1.075384199999999957e-01,7.377299999999999830e-03,2.293100000000000138e-01
2.400000000000000000e+01,4.558782299999999954e-02,9.620904799999999701e-01,1.071646499999999946e+00,6.893026299999999651e+01,8.247385699999999487e-01,3.405751599999999879e-01,1.139699999999999915e-02,2.405226000000000031e-01
2.500000000000000000e+01,7.022535400000000372e-02,1.023397499999999960e+00,1.094025800000000048e+00,6.607191600000000165e+01,1.222772100000000028e+00,7.386087000000000069e-01,1.755630000000000038e-02,2.558494000000000046e-01
2.600000000000000000e+01,9.930814799999999887e-02,1.087704699999999969e+00,1.120948899999999915e+00,6.313849700000000098e+01,1.754642100000000093e+00,1.270478699999999961e+00,2.482699999999999838e-02,2.719262000000000068e-01
2.700000000000000000e+01,1.308116199999999896e-01,1.150507399999999958e+00,1.151161399999999890e+00,6.030652599999999808e+01,2.407063299999999906e+00,1.922899899999999995e+00,3.270290000000000002e-02,2.876269000000000187e-01
