# POINT,X,Y,Mach,MACH_ANG__D,PSI__D,FLOW_ANG__D,X_IN,Y_IN
1.600000000000000000e+01,1.225808899999999979e-01,6.253909800000000407e-01,1.041991499999999959e+00,7.367866600000000687e+01,3.770403700000000136e-01,3.221998799999999941e-01,3.064520000000000091e-02,1.563477000000000061e-01
1.700000000000000000e+01,1.445165900000000003e-01,6.963324600000000419e-01,1.058274099999999995e+00,7.089752000000000010e+01,6.100771099999999780e-01,5.552366199999999585e-01,3.612909999999999733e-02,1.740830999999999906e-01
1.800000000000000000e+01,1.764555399999999941e-01,7.844060699999999553e-01,1.082270199999999960e+00,6.751559500000000469e+01,1.008110599999999968e+00,9.532701500000000383e-01,4.411389999999999756e-02,1.961015000000000119e-01
1.900000000000000000e+01,2.128246199999999921e-01,8.708078900000000289e-01,1.110394700000000068e+00,6.423449899999999957e+01,1.539980700000000091e+00,1.485140200000000021e+00,5.320620000000000210e-02,2.177020000000000066e-01
2.000000000000000000e+01,2.513469300000000239e-01,9.518145799999999657e-01,1.141483000000000025e+00,6.116988599999999821e+01,2.192401799999999845e+00,2.137561300000000220e+00,6.283669999999999534e-02,2.379535999999999873e-01
2.100000000000000000e+01,2.905092899999999756e-01,1.026433399999999940e+00,1.174838300000000002e+00,5.834035200000000287e+01,2.952027100000000015e+00,2.897186599999999945e+00,7.262730000000000574e-02,2.566084000000000143e-01
2.200000000000000000e+01,3.291876200000000141e-01,1.094482500000000025e+00,1.209950000000000081e+00,5.573887500000000017e+01,3.804712100000000152e+00,3.749871699999999919e+00,8.229690000000000616e-02,2.736205999999999916e-01
