# POINT,X,Y,Mach,MACH_ANG__D,PSI__D,FLOW_ANG__D,X_IN,Y_IN
2.100000000000000000e+01,5.754958699999999927e-02,8.338546399999999803e-01,1.051326699999999947e+00,7.202274300000000551e+01,5.065131999999999968e-01,1.927270500000000109e-01,1.438739999999999984e-02,2.084637000000000018e-01
2.200000000000000000e+01,7.511590599999999618e-02,8.854845700000000264e-01,1.066480099999999931e+00,6.966288699999999778e+01,7.395499399999999612e-01,4.257637899999999753e-01,1.877900000000000055e-02,2.213710999999999873e-01
2.300000000000000000e+01,1.016833600000000004e-01,9.541415800000000447e-01,1.089436599999999977e+00,6.662179299999999671e+01,1.137583500000000081e+00,8.237973200000000551e-01,2.542080000000000034e-02,2.385354000000000085e-01
2.400000000000000000e+01,1.327436200000000066e-01,1.024713200000000102e+00,1.116804200000000025e+00,6.356140800000000013e+01,1.669453499999999924e+00,1.355667299999999909e+00,3.318589999999999735e-02,2.561783000000000254e-01
2.500000000000000000e+01,1.661832199999999926e-01,1.092759100000000094e+00,1.147347399999999906e+00,6.064225100000000168e+01,2.321874600000000122e+00,2.008088499999999943e+00,4.154580000000000078e-02,2.731897999999999826e-01
