# POINT,X,Y,Mach,MACH_ANG__D,PSI__D,FLOW_ANG__D,X_IN,Y_IN
2.000000000000000000e+01,7.107788700000000626e-02,7.921618999999999744e-01,1.048885199999999962e+00,7.243840899999999294e+01,4.715341200000000010e-01,2.277061300000000066e-01,1.776950000000000057e-02,1.980405000000000082e-01
2.100000000000000000e+01,8.943952199999999353e-02,8.474186599999999903e-01,1.064308500000000102e+00,6.998067500000000507e+01,7.045708600000000210e-01,4.607428599999999763e-01,2.235989999999999853e-02,2.118547000000000069e-01
2.200000000000000000e+01,1.170150100000000026e-01,9.198705099999999746e-01,1.087524500000000005e+00,6.685594299999999635e+01,1.102604399999999929e+00,8.587763999999999953e-01,2.925379999999999994e-02,2.299675999999999942e-01
2.300000000000000000e+01,1.490917999999999966e-01,9.936042000000000485e-01,1.115086199999999916e+00,6.373949900000000213e+01,1.634474399999999994e+00,1.390646400000000060e+00,3.727289999999999770e-02,2.484010000000000107e-01
2.400000000000000000e+01,1.835166599999999981e-01,1.064265199999999911e+00,1.145771300000000048e+00,6.078267100000000056e+01,2.286895599999999806e+00,2.043067600000000095e+00,4.587920000000000192e-02,2.660662999999999778e-01
