# POINT,X,Y,Mach,MACH_ANG__D,PSI__D,FLOW_ANG__D,X_IN,Y_IN
1.800000000000000000e+01,9.728801500000000546e-02,7.087764399999999521e-01,1.044859999999999900e+00,7.314982600000000446e+01,4.155692100000000222e-01,2.836710399999999854e-01,2.432199999999999987e-02,1.771940999999999933e-01
1.900000000000000000e+01,1.173536599999999985e-01,7.716888200000000531e-01,1.060766000000000098e+00,7.051261200000000429e+01,6.486059499999999867e-01,5.167077799999999499e-01,2.933840000000000059e-02,1.929221999999999881e-01
2.000000000000000000e+01,1.470402199999999993e-01,8.518976400000000115e-01,1.084428799999999971e+00,6.724162300000000414e+01,1.046639499999999945e+00,9.147413100000000297e-01,3.676009999999999694e-02,2.129744000000000081e-01
2.100000000000000000e+01,1.812136599999999986e-01,9.319764000000000381e-01,1.112316700000000047e+00,6.403014000000000294e+01,1.578509500000000010e+00,1.446611300000000044e+00,4.530340000000000061e-02,2.329941000000000095e-01
2.200000000000000000e+01,2.176516199999999901e-01,1.007837899999999953e+00,1.143237000000000059e+00,6.101058299999999690e+01,2.230930600000000208e+00,2.099032499999999857e+00,5.441290000000000016e-02,2.519595000000000029e-01
2.300000000000000000e+01,2.548380499999999826e-01,1.078142699999999898e+00,1.176470600000000033e+00,5.821166500000000354e+01,2.990555899999999934e+00,2.858657700000000190e+00,6.370950000000000224e-02,2.695356999999999892e-01
2.400000000000000000e+01,2.916356800000000082e-01,1.142471800000000037e+00,1.211492500000000083e+00,5.563192099999999840e+01,3.843240999999999907e+00,3.711342800000000164e+00,7.290889999999999871e-02,2.856179999999999830e-01
