# POINT,X,Y,Mach,MACH_ANG__D,PSI__D,FLOW_ANG__D,X_IN,Y_IN
1.400000000000000000e+01,1.472461100000000134e-01,5.420055099999999682e-01,1.040314600000000089e+00,7.399708300000000349e+01,3.550606099999999987e-01,3.441796400000000089e-01,3.681149999999999700e-02,1.355013999999999941e-01
1.500000000000000000e+01,1.712360099999999941e-01,6.210705199999999593e-01,1.056831499999999924e+00,7.112465699999999913e+01,5.880973499999999632e-01,5.772163799999999734e-01,4.280899999999999983e-02,1.552676000000000056e-01
1.600000000000000000e+01,2.055900900000000031e-01,7.169592299999999474e-01,1.081028199999999995e+00,6.767517599999999334e+01,9.861308800000000430e-01,9.752499199999999924e-01,5.139749999999999874e-02,1.792398000000000047e-01
1.700000000000000000e+01,2.442759499999999917e-01,8.096051899999999746e-01,1.109292399999999956e+00,6.435270500000000027e+01,1.518000900000000097e+00,1.507119899999999957e+00,6.106899999999999828e-02,2.024013000000000062e-01
1.800000000000000000e+01,2.849764599999999870e-01,8.956894199999999584e-01,1.140478899999999962e+00,6.126166599999999818e+01,2.170421999999999851e+00,2.159541100000000213e+00,7.124410000000000465e-02,2.239223999999999937e-01
1.900000000000000000e+01,3.261909599999999743e-01,9.745713999999999766e-01,1.173904800000000082e+00,5.841431399999999741e+01,2.930047300000000021e+00,2.919166300000000103e+00,8.154770000000000074e-02,2.436427999999999927e-01
2.000000000000000000e+01,3.668141500000000055e-01,1.046304499999999971e+00,1.209068500000000101e+00,5.580024900000000088e+01,3.782732399999999995e+00,3.771851400000000076e+00,9.170349999999999335e-02,2.615760999999999781e-01
