# POINT,X,Y,Mach,MACH_ANG__D,PSI__D,FLOW_ANG__D,X_IN,Y_IN
1.500000000000000000e+01,1.349722499999999881e-01,5.836982400000000348e-01,1.041001099999999902e+00,7.386586900000000355e+01,3.640090200000000165e-01,3.352312299999999912e-01,3.374309999999999810e-02,1.459245999999999877e-01
1.600000000000000000e+01,1.579109399999999996e-01,6.587106600000000034e-01,1.057420699999999991e+00,7.103149100000000260e+01,5.970457599999999809e-01,5.682679699999999556e-01,3.947769999999999752e-02,1.646777000000000102e-01
1.700000000000000000e+01,1.910355999999999999e-01,7.507086400000000381e-01,1.081534800000000018e+00,6.760991099999999676e+01,9.950792899999999497e-01,9.663015099999999746e-01,4.775889999999999996e-02,1.876771999999999885e-01
1.800000000000000000e+01,2.285463100000000025e-01,8.402458699999999503e-01,1.109741700000000053e+00,6.430443599999999549e+01,1.526949300000000065e+00,1.498171499999999989e+00,5.713660000000000266e-02,2.100615000000000121e-01
1.900000000000000000e+01,2.681443299999999863e-01,9.238003700000000373e-01,1.140887999999999902e+00,6.122422100000000000e+01,2.179370399999999819e+00,2.150592699999999802e+00,6.703610000000000124e-02,2.309500999999999915e-01
2.000000000000000000e+01,3.083215799999999840e-01,1.000556500000000071e+00,1.174285100000000082e+00,5.838415400000000233e+01,2.938995699999999989e+00,2.910217900000000135e+00,7.708039999999999337e-02,2.501391000000000031e-01
2.100000000000000000e+01,3.479626900000000189e-01,1.070450899999999983e+00,1.209427500000000100e+00,5.577523099999999801e+01,3.791680799999999962e+00,3.762903000000000109e+00,8.699070000000000413e-02,2.676126999999999811e-01
