# POINT,X,Y,Mach,MACH_ANG__D,PSI__D,FLOW_ANG__D,X_IN,Y_IN
1.100000000000000000e+01,1.837968799999999958e-01,4.169273199999999902e-01,1.040162100000000089e+00,7.402640499999999690e+01,3.530816700000000141e-01,3.461585699999999988e-01,4.594920000000000254e-02,1.042317999999999995e-01
1.200000000000000000e+01,2.112473699999999899e-01,5.075560399999999861e-01,1.056700799999999996e+00,7.114539200000000108e+01,5.861184099999999786e-01,5.791953100000000187e-01,5.281179999999999902e-02,1.268890000000000018e-01
1.300000000000000000e+01,2.495857599999999898e-01,6.146844900000000278e-01,1.080915999999999988e+00,6.768966500000000508e+01,9.841519499999999976e-01,9.772288500000000377e-01,6.239639999999999770e-02,1.536711000000000049e-01
1.400000000000000000e+01,2.920371999999999968e-01,7.164224900000000229e-01,1.109193000000000096e+00,6.436340699999999515e+01,1.516021999999999981e+00,1.509098899999999910e+00,7.300929999999999920e-02,1.791056000000000037e-01
1.500000000000000000e+01,3.362459199999999759e-01,8.099759100000000211e-01,1.140388299999999910e+00,6.126996199999999959e+01,2.168443100000000179e+00,2.161519999999999886e+00,8.406149999999999733e-02,2.024940000000000073e-01
1.600000000000000000e+01,3.807460100000000236e-01,8.951808599999999672e-01,1.173820700000000050e+00,5.842099300000000284e+01,2.928068399999999905e+00,2.921145300000000056e+00,9.518649999999999334e-02,2.237951999999999997e-01
1.700000000000000000e+01,4.244699299999999953e-01,9.724148099999999628e-01,1.208989099999999928e+00,5.580578799999999973e+01,3.780753499999999878e+00,3.773830300000000193e+00,1.061175000000000035e-01,2.431037000000000059e-01
1.800000000000000000e+01,4.665920499999999804e-01,1.042136500000000021e+00,1.245480900000000002e+00,5.340819100000000219e+01,4.711803800000000209e+00,4.704880700000000360e+00,1.166480000000000017e-01,2.605340999999999907e-01
1.900000000000000000e+01,5.064657000000000187e-01,1.104778299999999991e+00,1.282934599999999925e+00,5.121143299999999954e+01,5.706343399999999733e+00,5.699420299999999884e+00,1.266163999999999901e-01,2.761946000000000123e-01
