# POINT,X,Y,Mach,MACH_ANG__D,PSI__D,FLOW_ANG__D,X_IN,Y_IN
1.600000000000000000e+01,5.018561800000000128e-02,6.250112500000000182e-01,1.007365800000000089e+00,8.306703000000000259e+01,2.546766699999999939e-02,2.115660600000000141e-02,3.763900000000000145e-03,4.687580000000000219e-02
1.700000000000000000e+01,2.452818099999999890e-01,1.679825300000000077e+00,1.079782100000000078e+00,6.783675900000000070e+01,8.608302799999999477e-01,8.565192200000000255e-01,1.839609999999999856e-02,1.259869000000000128e-01
1.800000000000000000e+01,5.433549399999999530e-01,2.321936399999999789e+00,1.188551700000000100e+00,5.728402299999999769e+01,2.896726000000000134e+00,2.892415000000000180e+00,4.075159999999999894e-02,1.741452000000000000e-01
