# POINT,X,Y,Mach,MACH_ANG__D,PSI__D,FLOW_ANG__D,X_IN,Y_IN
1.000000000000000000e+00,1.019798900000000064e+00,0.000000000000000000e+00,1.129459999999999908e+00,6.229818099999999959e+01,1.717349500000000084e+00,0.000000000000000000e+00,7.648489999999999456e-02,0.000000000000000000e+00
2.000000000000000000e+00,1.566036399999999995e+00,9.335313699999999715e-01,1.228173699999999924e+00,5.451002400000000137e+01,3.753245199999999837e+00,2.035895700000000197e+00,1.174526999999999932e-01,7.001490000000000491e-02
3.000000000000000000e+00,2.033130199999999999e+00,1.592315300000000100e+00,1.353035500000000058e+00,4.765301300000000140e+01,6.650874499999999578e+00,4.933524900000000102e+00,1.524848000000000037e-01,1.194236999999999937e-01
4.000000000000000000e+00,2.390140199999999826e+00,2.041338300000000050e+00,1.492813399999999957e+00,4.205750299999999697e+01,1.004501699999999964e+01,8.327667899999999790e+00,1.792604999999999893e-01,1.531003999999999976e-01
