# POINT,X,Y,Mach,MACH_ANG__D,PSI__D,FLOW_ANG__D,X_IN,Y_IN
1.300000000000000000e+01,6.518651200000000201e-02,5.000090000000000368e-01,1.006968099999999922e+00,8.325567300000000159e+01,2.344021300000000141e-02,2.318405899999999992e-02,4.889000000000000117e-03,3.750069999999999792e-02
1.400000000000000000e+01,2.687067899999999732e-01,1.624668500000000071e+00,1.079651799999999939e+00,6.785374299999999437e+01,8.588028300000000170e-01,8.585466800000000065e-01,2.015300000000000077e-02,1.218501000000000029e-01
1.500000000000000000e+01,5.729649900000000073e-01,2.280585600000000213e+00,1.188455400000000051e+00,5.729125200000000007e+01,2.894698599999999900e+00,2.894442399999999971e+00,4.297240000000000087e-02,1.710438999999999987e-01
