# POINT,X,Y,Mach,MACH_ANG__D,PSI__D,FLOW_ANG__D,X_IN,Y_IN
5.000000000000000000e+00,1.059063199999999982e-01,1.666696699999999920e-01,1.008521400000000012e+00,8.254655800000000454e+01,3.166283300000000134e-02,1.496143899999999999e-02,7.943000000000000407e-03,1.250019999999999951e-02
6.000000000000000000e+00,3.526694599999999902e-01,1.427090900000000051e+00,1.080179699999999965e+00,6.778503299999999854e+01,8.670254499999999753e-01,8.503240600000000482e-01,2.645020000000000010e-02,1.070317999999999964e-01
7.000000000000000000e+00,6.801359000000000155e-01,2.130944599999999856e+00,1.188846000000000069e+00,5.726195400000000291e+01,2.902921200000000201e+00,2.886219800000000113e+00,5.101019999999999860e-02,1.598208000000000129e-01
