# POINT,X,Y,Mach,MACH_ANG__D,PSI__D,FLOW_ANG__D,X_IN,Y_IN
1.500000000000000000e+01,5.523493000000000153e-02,5.833438300000000076e-01,1.007181899999999963e+00,8.315362000000000364e+01,2.452305600000000141e-02,2.210121599999999992e-02,4.142599999999999755e-03,4.375079999999999941e-02
1.600000000000000000e+01,2.527938200000000024e-01,1.662142100000000067e+00,1.079721399999999942e+00,6.784466799999999864e+01,8.598856700000000464e-01,8.574638300000000379e-01,1.895950000000000066e-02,1.246606999999999993e-01
1.700000000000000000e+01,5.528305500000000317e-01,2.308704500000000159e+00,1.188506899999999922e+00,5.728739099999999951e+01,2.895781400000000172e+00,2.893359600000000142e+00,4.146230000000000054e-02,1.731527999999999956e-01
