# POINT,X,Y,Mach,MACH_ANG__D,PSI__D,FLOW_ANG__D,X_IN,Y_IN
3.000000000000000000e+00,1.171554399999999996e-01,8.333483299999999705e-02,1.009619000000000044e+00,8.208467299999999511e+01,3.794206600000000346e-02,8.682206099999999205e-03,8.786699999999999719e-03,6.250099999999999753e-03
4.000000000000000000e+00,3.797764399999999929e-01,1.363501099999999910e+00,1.080581999999999931e+00,6.773286600000000135e+01,8.733046800000000554e-01,8.440448200000000289e-01,2.848320000000000018e-02,1.022625999999999952e-01
5.000000000000000000e+00,7.149715100000000323e-01,2.082344200000000090e+00,1.189144100000000037e+00,5.723962000000000216e+01,2.909200400000000020e+00,2.879940599999999851e+00,5.362290000000000112e-02,1.561758000000000035e-01
