# POINT,X,Y,Mach,MACH_ANG__D,PSI__D,FLOW_ANG__D,X_IN,Y_IN
7.000000000000000000e+00,9.525301399999999696e-02,2.500045000000000184e-01,1.007729499999999945e+00,8.289900699999999745e+01,2.736948300000000001e-02,1.925479000000000079e-02,7.144000000000000176e-03,1.875030000000000099e-02
8.000000000000000000e+00,3.280293499999999973e-01,1.485001900000000097e+00,1.079904200000000092e+00,6.782085299999999961e+01,8.627321000000000017e-01,8.546174100000000218e-01,2.460220000000000115e-02,1.113751000000000047e-01
9.000000000000000000e+00,6.485609100000000460e-01,2.175018000000000118e+00,1.188642100000000035e+00,5.727724400000000315e+01,2.898627799999999866e+00,2.890513100000000168e+00,4.864210000000000061e-02,1.631263000000000019e-01
