# POINT,X,Y,Mach,MACH_ANG__D,PSI__D,FLOW_ANG__D,X_IN,Y_IN
2.300000000000000000e+01,1.209756300000000041e-02,9.166831600000000524e-01,1.009933799999999993e+00,8.195722999999999558e+01,3.981059700000000312e-02,6.813675200000000008e-03,9.072999999999999902e-04,6.875119999999999842e-02
2.400000000000000000e+01,1.950837699999999897e-01,1.797718099999999986e+00,1.080701499999999982e+00,6.771739300000000128e+01,8.751732100000000347e-01,8.421762900000000496e-01,1.463129999999999986e-02,1.348289000000000015e-01
2.500000000000000000e+01,4.805721099999999968e-01,2.409553600000000184e+00,1.189232800000000090e+00,5.723298100000000233e+01,2.911068900000000070e+00,2.878071999999999964e+00,3.604290000000000271e-02,1.807165000000000021e-01
