# POINT,X,Y,Mach,MACH_ANG__D,PSI__D,FLOW_ANG__D,X_IN,Y_IN
1.000000000000000000e+01,8.002575200000000555e-02,3.750067499999999998e-01,1.007066699999999981e+00,8.320843200000000195e+01,2.393740499999999841e-02,2.268686699999999945e-02,6.001900000000000117e-03,2.812550000000000119e-02
1.100000000000000000e+01,2.958073900000000034e-01,1.560839700000000052e+00,1.079683699999999913e+00,6.784957500000000152e+01,8.593000200000000532e-01,8.580494800000000311e-01,2.218559999999999977e-02,1.170630000000000004e-01
1.200000000000000000e+01,6.074129999999999807e-01,2.232474999999999987e+00,1.188479000000000063e+00,5.728947900000000004e+01,2.895195800000000208e+00,2.893945200000000106e+00,4.555599999999999927e-02,1.674355999999999900e-01
