# POINT,X,Y,Mach,MACH_ANG__D,PSI__D,FLOW_ANG__D,X_IN,Y_IN
9.000000000000000000e+00,8.502983100000000016e-02,3.333393299999999893e-01,1.007221300000000097e+00,8.313496299999999906e+01,2.472456899999999833e-02,2.189970299999999953e-02,6.377200000000000403e-03,2.500039999999999901e-02
1.000000000000000000e+01,3.059306199999999865e-01,1.537004000000000037e+00,1.079734299999999925e+00,6.784297999999999718e+01,8.600871900000000014e-01,8.572623200000000221e-01,2.294480000000000131e-02,1.152752999999999972e-01
1.100000000000000000e+01,6.203212000000000170e-01,2.214448700000000159e+00,1.188516399999999917e+00,5.728667200000000292e+01,2.895982899999999916e+00,2.893158099999999955e+00,4.652409999999999879e-02,1.660837000000000008e-01
