# POINT,X,Y,Mach,MACH_ANG__D,PSI__D,FLOW_ANG__D,X_IN,Y_IN
1.000000000000000000e+00,2.322180100000000191e+00,0.000000000000000000e+00,1.316831199999999980e+00,4.941122599999999920e+01,5.789140999999999870e+00,0.000000000000000000e+00,1.741634999999999989e-01,0.000000000000000000e+00
2.000000000000000000e+00,2.982107500000000133e+00,7.388549100000000314e-01,1.437142399999999931e+00,4.409301899999999819e+01,8.686770199999999775e+00,2.897629199999999905e+00,2.236580999999999986e-01,5.541410000000000086e-02
3.000000000000000000e+00,3.516361299999999801e+00,1.298587500000000006e+00,1.576484800000000019e+00,3.936976500000000101e+01,1.208091300000000068e+01,6.291772100000000201e+00,2.637270999999999921e-01,9.739409999999999734e-02
4.000000000000000000e+00,3.901104199999999800e+00,1.689618700000000029e+00,1.725632499999999903e+00,3.541521900000000045e+01,1.563984199999999980e+01,9.850701499999999555e+00,2.925827999999999762e-01,1.267214000000000118e-01
5.000000000000000000e+00,4.127190599999999598e+00,1.918778700000000059e+00,1.877300500000000039e+00,3.218669500000000028e+01,1.910968300000000042e+01,1.332054199999999966e+01,3.095393000000000172e-01,1.439083999999999919e-01
6.000000000000000000e+00,4.202147199999999749e+00,1.995897400000000044e+00,2.025850600000000057e+00,2.957878099999999932e+01,2.232877500000000026e+01,1.653963399999999950e+01,3.151610000000000245e-01,1.496923000000000004e-01
