# POINT,X,Y,Mach,MACH_ANG__D,PSI__D,FLOW_ANG__D,X_IN,Y_IN
2.200000000000000000e+01,1.791608600000000120e-02,8.750157499999999811e-01,1.009438899999999917e+00,8.215852700000000652e+01,3.688660900000000076e-02,9.737663000000000568e-03,1.343699999999999973e-03,6.562619999999999565e-02
2.300000000000000000e+01,2.023625300000000127e-01,1.780664999999999942e+00,1.080514399999999986e+00,6.774161700000000508e+01,8.722492299999999865e-01,8.451002800000000370e-01,1.517720000000000007e-02,1.335498999999999992e-01
2.400000000000000000e+01,4.896195899999999934e-01,2.396935500000000108e+00,1.189094000000000095e+00,5.724337100000000333e+01,2.908145000000000202e+00,2.880996000000000112e+00,3.672149999999999720e-02,1.797701999999999911e-01
