# POINT,X,Y,Mach,MACH_ANG__D,PSI__D,FLOW_ANG__D,X_IN,Y_IN
8.000000000000000000e+00,9.009835800000000339e-02,2.916719199999999734e-01,1.007441299999999984e+00,8.303180100000000152e+01,2.585883900000000152e-02,2.076543299999999981e-02,6.757400000000000212e-03,2.187539999999999971e-02
9.000000000000000000e+00,3.166644699999999757e-01,1.511739299999999897e+00,1.079807200000000078e+00,6.783348499999999603e+01,8.612214599999999942e-01,8.561280500000000293e-01,2.374980000000000147e-02,1.133804000000000062e-01
1.000000000000000000e+01,6.340279399999999566e-01,2.195308900000000119e+00,1.188570300000000080e+00,5.728262800000000254e+01,2.897117199999999837e+00,2.892023800000000033e+00,4.755209999999999992e-02,1.646481999999999946e-01
