# POINT,X,Y,Mach,MACH_ANG__D,PSI__D,FLOW_ANG__D,X_IN,Y_IN
6.000000000000000000e+00,1.005153099999999966e-01,2.083370800000000078e-01,1.008088600000000001e+00,8.273700700000000552e+01,2.929093600000000006e-02,1.733333700000000074e-02,7.538600000000000335e-03,1.562530000000000169e-02
7.000000000000000000e+00,3.400325900000000234e-01,1.456779999999999964e+00,1.080027599999999977e+00,6.780480699999999672e+01,8.646535499999999930e-01,8.526959499999999803e-01,2.550240000000000146e-02,1.092584999999999945e-01
8.000000000000000000e+00,6.639314400000000393e-01,2.153561100000000117e+00,1.188733299999999993e+00,5.727039899999999761e+01,2.900549300000000219e+00,2.888591700000000095e+00,4.979490000000000305e-02,1.615170999999999968e-01
