# POINT,X,Y,Mach,MACH_ANG__D,PSI__D,FLOW_ANG__D,X_IN,Y_IN
2.000000000000000000e+00,1.230518000000000028e-01,4.166741699999999826e-02,1.010288999999999993e+00,8.181589700000000676e+01,4.195378100000000249e-02,4.670491500000000309e-03,9.228899999999999951e-03,3.125100000000000013e-03
3.000000000000000000e+00,3.941953799999999841e-01,1.329738400000000098e+00,1.080838600000000094e+00,6.769967300000000421e+01,8.773163999999999962e-01,8.400331100000000273e-01,2.956469999999999931e-02,9.973039999999999683e-02
4.000000000000000000e+00,7.335437299999999494e-01,2.056446199999999891e+00,1.189334499999999961e+00,5.722536900000000060e+01,2.913212099999999971e+00,2.875928800000000063e+00,5.501579999999999665e-02,1.542334999999999956e-01
