# POINT,X,Y,Mach,MACH_ANG__D,PSI__D,FLOW_ANG__D,X_IN,Y_IN
1.000000000000000000e+00,1.291531800000000063e-01,0.000000000000000000e+00,1.011043300000000089e+00,8.152386900000000480e+01,4.662427200000000133e-02,0.000000000000000000e+00,9.686500000000000665e-03,0.000000000000000000e+00
2.000000000000000000e+00,4.091504400000000041e-01,1.294773699999999916e+00,1.081136899999999956e+00,6.766116100000000699e+01,8.819868899999999678e-01,8.353626199999999447e-01,3.068629999999999969e-02,9.710799999999999987e-02
3.000000000000000000e+00,7.528381600000000340e-01,2.029552100000000081e+00,1.189556000000000058e+00,5.720879599999999954e+01,2.917882599999999993e+00,2.871258399999999877e+00,5.646290000000000336e-02,1.522164000000000017e-01
4.000000000000000000e+00,1.055230099999999949e+00,2.509202199999999827e+00,1.317947399999999991e+00,4.935462100000000163e+01,5.815511800000000342e+00,5.768887600000000226e+00,7.914229999999999876e-02,1.881902000000000019e-01
