# POINT,X,Y,Mach,MACH_ANG__D,PSI__D,FLOW_ANG__D,X_IN,Y_IN
2.000000000000000000e+01,2.913383099999999892e-02,7.916809099999999599e-01,1.008572699999999989e+00,8.252429499999999507e+01,3.194821899999999992e-02,1.467605399999999914e-02,2.184999999999999876e-03,5.937610000000000110e-02
2.100000000000000000e+01,2.166355299999999928e-01,1.747177999999999898e+00,1.080197999999999992e+00,6.778265700000000038e+01,8.673108400000000273e-01,8.500386699999999962e-01,1.624770000000000034e-02,1.310382999999999964e-01
2.200000000000000000e+01,5.074135499999999910e-01,2.372109700000000210e+00,1.188859499999999958e+00,5.726093800000000300e+01,2.903206599999999860e+00,2.885934400000000011e+00,3.805599999999999955e-02,1.779081999999999886e-01
