# POINT,X,Y,Mach,MACH_ANG__D,PSI__D,FLOW_ANG__D,X_IN,Y_IN
1.200000000000000000e+01,7.012498799999999921e-02,4.583415800000000262e-01,1.006942699999999968e+00,8.326793100000000436e+01,2.331234399999999873e-02,2.331192799999999912e-02,5.259400000000000013e-03,3.437559999999999921e-02
1.300000000000000000e+01,2.772463700000000197e-01,1.604554800000000059e+00,1.079643499999999978e+00,6.785481500000000210e+01,8.586749599999999871e-01,8.586745500000000364e-01,2.079349999999999948e-02,1.203416000000000069e-01
1.400000000000000000e+01,5.838006100000000531e-01,2.265452199999999916e+00,1.188449300000000042e+00,5.729170799999999986e+01,2.894570700000000052e+00,2.894570299999999818e+00,4.378499999999999753e-02,1.699089000000000016e-01
