# POINT,X,Y,Mach,MACH_ANG__D,PSI__D,FLOW_ANG__D,X_IN,Y_IN
1.100000000000000000e+01,7.506454099999999852e-02,4.166741700000000104e-01,1.006974700000000000e+00,8.325252500000000566e+01,2.347312600000000041e-02,2.315114700000000039e-02,5.629799999999999909e-03,3.125060000000000338e-02
1.200000000000000000e+01,2.862612299999999776e-01,1.583321699999999943e+00,1.079653900000000055e+00,6.785346699999999487e+01,8.588357399999999586e-01,8.585137600000000146e-01,2.146959999999999841e-02,1.187490999999999963e-01
1.300000000000000000e+01,5.952592399999999673e-01,2.249448800000000137e+00,1.188457000000000097e+00,5.729113499999999704e+01,2.894731499999999791e+00,2.894409500000000079e+00,4.464440000000000075e-02,1.687086999999999892e-01
