# POINT,X,Y,Mach,MACH_ANG__D,PSI__D,FLOW_ANG__D,X_IN,Y_IN
1.800000000000000000e+01,3.985867199999999777e-02,7.083460799999999891e-01,1.007878199999999946e+00,8.283144500000000221e+01,2.816022400000000106e-02,1.846404899999999974e-02,2.989400000000000130e-03,5.312599999999999961e-02
1.900000000000000000e+01,2.308029000000000053e-01,1.713887299999999891e+00,1.079954999999999998e+00,6.781424599999999714e+01,8.635228400000000137e-01,8.538266700000000098e-01,1.731020000000000128e-02,1.285416000000000059e-01
2.000000000000000000e+01,5.251498500000000291e-01,2.347354099999999999e+00,1.188679599999999947e+00,5.727442700000000286e+01,2.899418600000000179e+00,2.889722400000000135e+00,3.938620000000000315e-02,1.760516000000000025e-01
