# POINT,X,Y,Mach,MACH_ANG__D,PSI__D,FLOW_ANG__D,X_IN,Y_IN
2.400000000000000000e+01,6.127997599999999816e-03,9.583505799999999519e-01,1.010468799999999945e+00,8.174531500000000506e+01,4.305244899999999958e-02,3.571823000000000012e-03,4.596000000000000042e-04,7.187630000000000408e-02
2.500000000000000000e+01,1.876675600000000110e-01,1.815074499999999924e+00,1.080908800000000003e+00,6.769060100000000091e+01,8.784150699999999645e-01,8.389344399999999480e-01,1.407510000000000011e-02,1.361305999999999905e-01
2.600000000000000000e+01,4.713710899999999926e-01,2.422382199999999930e+00,1.189386599999999961e+00,5.722146899999999903e+01,2.914310799999999979e+00,2.874830199999999891e+00,3.535279999999999673e-02,1.816786999999999985e-01
