# POINT,X,Y,Mach,MACH_ANG__D,PSI__D,FLOW_ANG__D,X_IN,Y_IN
1.700000000000000000e+01,4.506519099999999750e-02,6.666786599999999785e-01,1.007598500000000064e+00,8.295904600000000073e+01,2.667937600000000117e-02,1.994489699999999963e-02,3.379899999999999918e-03,5.000090000000000090e-02
1.800000000000000000e+01,2.379735199999999939e-01,1.697022400000000042e+00,1.079859899999999984e+00,6.782662200000000041e+01,8.620419900000000357e-01,8.553075100000000486e-01,1.784799999999999928e-02,1.272766999999999926e-01
1.900000000000000000e+01,5.341559700000000355e-01,2.334780700000000042e+00,1.188609299999999980e+00,5.727970299999999781e+01,2.897937699999999950e+00,2.891203200000000084e+00,4.006169999999999870e-02,1.751086000000000031e-01
