# POINT,X,Y,Mach,MACH_ANG__D,PSI__D,FLOW_ANG__D,X_IN,Y_IN
1.900000000000000000e+01,3.455236799999999997e-02,7.500134999999999996e-01,1.008203399999999972e+00,8.268596999999999753e+01,2.991446000000000036e-02,1.670981200000000097e-02,2.591400000000000214e-03,5.625100000000000239e-02
2.000000000000000000e+01,2.237087100000000051e-01,1.730563000000000073e+00,1.080067600000000017e+00,6.779960499999999968e+01,8.652770800000000317e-01,8.520724299999999918e-01,1.677820000000000006e-02,1.297921999999999965e-01
2.100000000000000000e+01,5.162590400000000024e-01,2.359764600000000101e+00,1.188762899999999956e+00,5.726817799999999892e+01,2.901172799999999885e+00,2.887968199999999985e+00,3.871940000000000104e-02,1.769823000000000091e-01
