# POINT,X,Y,Mach,MACH_ANG__D,PSI__D,FLOW_ANG__D,X_IN,Y_IN
1.400000000000000000e+01,6.022938900000000123e-02,5.416764099999999971e-01,1.007048600000000071e+00,8.321706000000000358e+01,2.384607399999999836e-02,2.277819799999999950e-02,4.517199999999999861e-03,4.062570000000000070e-02
1.500000000000000000e+01,2.605787500000000256e-01,1.643811099999999970e+00,1.079677800000000021e+00,6.785034000000000276e+01,8.592086899999999972e-01,8.581408200000000264e-01,1.954339999999999897e-02,1.232858000000000009e-01
1.600000000000000000e+01,5.626707699999999868e-01,2.294962400000000180e+00,1.188474699999999995e+00,5.728980500000000120e+01,2.895104400000000133e+00,2.894036600000000181e+00,4.220030000000000309e-02,1.721222000000000030e-01
