# POINT,X,Y,Mach,MACH_ANG__D,PSI__D,FLOW_ANG__D,X_IN,Y_IN
2.100000000000000000e+01,2.359179200000000032e-02,8.333483299999999705e-01,1.008984899999999962e+00,8.234799399999999991e+01,3.426923600000000153e-02,1.235503699999999927e-02,1.769399999999999966e-03,6.250110000000000388e-02
2.200000000000000000e+01,2.095343299999999909e-01,1.763846000000000025e+00,1.080346800000000052e+00,6.776334799999999348e+01,8.696318499999999840e-01,8.477176499999999892e-01,1.571509999999999921e-02,1.322884000000000004e-01
2.300000000000000000e+01,4.985515699999999994e-01,2.384475199999999795e+00,1.188969699999999907e+00,5.725267900000000054e+01,2.905527600000000099e+00,2.883613400000000215e+00,3.739139999999999825e-02,1.788356000000000112e-01
