# POINT,X,Y,Mach,MACH_ANG__D,PSI__D,FLOW_ANG__D,X_IN,Y_IN
1.400000000000000000e+01,1.472461100000000134e-01,5.420055099999999682e-01,1.040314600000000089e+00,7.399708300000000349e+01,3.550606099999999987e-01,3.441796400000000089e-01,3.681149999999999700e-02,1.355013999999999941e-01
1.500000000000000000e+01,1.978632100000000116e-01,6.990537799999999580e-01,1.075877100000000031e+00,6.835300499999999602e+01,8.964810300000000121e-01,8.856000600000000222e-01,4.946579999999999727e-02,1.747634000000000132e-01
1.600000000000000000e+01,2.676020299999999907e-01,8.635838500000000417e-01,1.128018600000000093e+00,6.243794799999999867e+01,1.902490400000000026e+00,1.891609499999999944e+00,6.690050000000000163e-02,2.158960000000000046e-01
1.700000000000000000e+01,3.407333499999999904e-01,1.004387300000000094e+00,1.188867899999999977e+00,5.726030999999999693e+01,3.286873400000000167e+00,3.275992500000000085e+00,8.518330000000000346e-02,2.510968000000000089e-01
1.800000000000000000e+01,4.098562299999999881e-01,1.120341199999999926e+00,1.255805599999999966e+00,5.277836899999999787e+01,4.982403900000000441e+00,4.971523000000000359e+00,1.024641000000000024e-01,2.800852999999999815e-01
