# POINT,X,Y,Mach,MACH_ANG__D,PSI__D,FLOW_ANG__D,X_IN,Y_IN
6.000000000000000000e+00,2.466310100000000116e-01,2.084636599999999951e-01,1.046928199999999975e+00,7.278004799999999364e+01,4.440541599999999756e-01,2.551860799999999818e-01,6.165779999999999872e-02,5.211589999999999973e-02
7.000000000000000000e+00,3.171395699999999818e-01,4.134203900000000265e-01,1.080991000000000035e+00,6.767997900000000300e+01,9.854745799999999889e-01,7.966064999999999952e-01,7.928490000000000537e-02,1.033551000000000053e-01
8.000000000000000000e+00,4.066663899999999887e-01,6.180443500000000201e-01,1.132204500000000058e+00,6.203480700000000070e+01,1.991484000000000032e+00,1.802615899999999938e+00,1.016665999999999959e-01,1.545111000000000123e-01
9.000000000000000000e+00,4.973046300000000253e-01,7.893450800000000322e-01,1.192540600000000062e+00,5.698688500000000090e+01,3.375866999999999951e+00,3.186998899999999857e+00,1.243261999999999978e-01,1.973362999999999923e-01
1.000000000000000000e+01,5.823778299999999852e-01,9.302044800000000002e-01,1.259177599999999897e+00,5.257685000000000031e+01,5.071397499999999781e+00,4.882529400000000130e+00,1.455944999999999878e-01,2.325511000000000106e-01
1.100000000000000000e+01,6.571985799999999767e-01,1.043383600000000078e+00,1.330342499999999983e+00,4.873664800000000241e+01,7.009090699999999785e+00,6.820222600000000135e+00,1.642995999999999901e-01,2.608459000000000194e-01
1.200000000000000000e+01,7.182178200000000068e-01,1.130365400000000076e+00,1.404658200000000079e+00,4.539109899999999698e+01,9.121312800000000109e+00,8.932444800000000740e+00,1.795545000000000058e-01,2.825912999999999897e-01
