# POINT,X,Y,Mach,MACH_ANG__D,PSI__D,FLOW_ANG__D,X_IN,Y_IN
2.100000000000000000e+01,5.754958699999999927e-02,8.338546399999999803e-01,1.051326699999999947e+00,7.202274300000000551e+01,5.065131999999999968e-01,1.927270500000000109e-01,1.438739999999999984e-02,2.084637000000000018e-01
2.200000000000000000e+01,9.574797200000000064e-02,9.405900400000000161e-01,1.084500900000000101e+00,6.723254300000000683e+01,1.047933599999999910e+00,7.341474700000000242e-01,2.393699999999999994e-02,2.351475000000000093e-01
2.300000000000000000e+01,1.520199999999999885e-01,1.066543999999999937e+00,1.135113500000000109e+00,6.175949099999999703e+01,2.053942999999999852e+00,1.740156899999999895e+00,3.800499999999999712e-02,2.666359999999999841e-01
