# POINT,X,Y,Mach,MACH_ANG__D,PSI__D,FLOW_ANG__D,X_IN,Y_IN
9.000000000000000000e+00,2.084025999999999934e-01,3.335418499999999731e-01,1.041752999999999929e+00,7.372352800000000173e+01,3.738889300000000082e-01,3.253513199999999994e-01,5.210069999999999979e-02,8.338550000000000129e-02
1.000000000000000000e+01,2.706182300000000152e-01,5.237289699999999604e-01,1.076970800000000006e+00,6.820685799999999688e+01,9.153093500000000216e-01,8.667717400000000127e-01,6.765459999999999530e-02,1.309321999999999986e-01
1.100000000000000000e+01,3.519366500000000175e-01,7.142568900000000331e-01,1.128908400000000034e+00,6.235155000000000314e+01,1.921318700000000046e+00,1.872781100000000087e+00,8.798419999999999852e-02,1.785642000000000063e-01
1.200000000000000000e+01,4.353567500000000146e-01,8.742317299999999847e-01,1.189646800000000004e+00,5.720201300000000089e+01,3.305701800000000024e+00,3.257164200000000065e+00,1.088391999999999971e-01,2.185578999999999994e-01
1.300000000000000000e+01,5.138823900000000222e-01,1.005592599999999948e+00,1.256519900000000023e+00,5.273550999999999789e+01,5.001232199999999573e+00,4.952694600000000058e+00,1.284705999999999904e-01,2.513982000000000161e-01
1.400000000000000000e+01,5.826173700000000233e-01,1.110408999999999979e+00,1.327826500000000021e+00,4.886053499999999872e+01,6.938925399999999577e+00,6.890387800000000063e+00,1.456542999999999866e-01,2.776023000000000240e-01
1.500000000000000000e+01,6.378967700000000018e-01,1.189746500000000040e+00,1.402225300000000008e+00,4.549196599999999790e+01,9.051147600000000182e+00,9.002610000000000667e+00,1.594742000000000104e-01,2.974365999999999954e-01
