# POINT,X,Y,Mach,MACH_ANG__D,PSI__D,FLOW_ANG__D,X_IN,Y_IN
2.000000000000000000e+01,7.107788700000000626e-02,7.921618999999999744e-01,1.048885199999999962e+00,7.243840899999999294e+01,4.715341200000000010e-01,2.277061300000000066e-01,1.776950000000000057e-02,1.980405000000000082e-01
2.100000000000000000e+01,1.108425900000000047e-01,9.056992799999999955e-01,1.082542899999999975e+00,6.748075400000000457e+01,1.012954499999999980e+00,7.691265400000000252e-01,2.771059999999999843e-02,2.264248000000000094e-01
2.200000000000000000e+01,1.689124499999999918e-01,1.037192399999999903e+00,1.133487300000000086e+00,6.191292700000000337e+01,2.018963900000000145e+00,1.775135899999999989e+00,4.222809999999999758e-02,2.592980999999999758e-01
