# POINT,X,Y,Mach,MACH_ANG__D,PSI__D,FLOW_ANG__D,X_IN,Y_IN
2.400000000000000000e+01,1.494909600000000026e-02,9.589328299999999583e-01,1.060374699999999892e+00,7.057246200000000158e+01,6.425079299999999494e-01,5.673232200000000169e-02,3.737299999999999824e-03,2.397332000000000074e-01
2.500000000000000000e+01,4.877209700000000037e-02,1.046715599999999968e+00,1.091944800000000049e+00,6.631919999999999504e+01,1.183928300000000045e+00,5.981527399999999606e-01,1.219300000000000071e-02,2.616788999999999921e-01
2.600000000000000000e+01,9.982498099999999319e-02,1.156247400000000036e+00,1.141370500000000066e+00,6.118014199999999647e+01,2.189937700000000209e+00,1.604162099999999924e+00,2.495620000000000130e-02,2.890618999999999827e-01
