# POINT,X,Y,Mach,MACH_ANG__D,PSI__D,FLOW_ANG__D,X_IN,Y_IN
2.000000000000000000e+00,3.020044199999999956e-01,4.169273200000000318e-02,1.059648399999999935e+00,7.068411000000000399e+01,6.312381599999999926e-01,6.800209100000000062e-02,7.550110000000000154e-02,1.042320000000000052e-02
3.000000000000000000e+00,3.849977099999999930e-01,2.583016899999999727e-01,1.091337400000000013e+00,6.639200700000000666e+01,1.172658600000000106e+00,6.094225100000000284e-01,9.624939999999999884e-02,6.457540000000000502e-02
4.000000000000000000e+00,4.873425599999999802e-01,4.786178200000000271e-01,1.140855900000000034e+00,6.122715600000000080e+01,2.178668000000000049e+00,1.615431899999999921e+00,1.218356000000000022e-01,1.196544999999999970e-01
5.000000000000000000e+00,5.893457500000000016e-01,6.643745500000000082e-01,1.200195899999999982e+00,5.642859500000000139e+01,3.563051000000000190e+00,2.999814900000000062e+00,1.473364000000000062e-01,1.660936000000000079e-01
6.000000000000000000e+00,6.847338899999999562e-01,8.181544400000000383e-01,1.266234499999999930e+00,5.216151599999999888e+01,5.258581500000000020e+00,4.695345399999999891e+00,1.711834999999999885e-01,2.045385999999999871e-01
7.000000000000000000e+00,7.691210800000000125e-01,9.431297299999999995e-01,1.337036499999999961e+00,4.841075699999999671e+01,7.196274700000000024e+00,6.633038599999999896e+00,1.922802999999999873e-01,2.357824000000000031e-01
8.000000000000000000e+00,8.391281499999999616e-01,1.041150800000000043e+00,1.411139300000000096e+00,4.512496099999999899e+01,9.308496800000000349e+00,8.745260800000000501e+00,2.097819999999999963e-01,2.602877000000000107e-01
9.000000000000000000e+00,8.922974999999999657e-01,1.113126999999999978e+00,1.487312900000000049e+00,4.224896999999999991e+01,1.153184500000000057e+01,1.096860900000000072e+01,2.230744000000000060e-01,2.782817000000000207e-01
1.000000000000000000e+01,9.271276099999999909e-01,1.159512899999999958e+00,1.564475499999999908e+00,3.973158399999999801e+01,1.380934500000000043e+01,1.324610900000000058e+01,2.317819000000000129e-01,2.898781999999999748e-01
