# POINT,X,Y,Mach,MACH_ANG__D,PSI__D,FLOW_ANG__D,X_IN,Y_IN
2.200000000000000000e+01,4.370178100000000204e-02,8.755473700000000470e-01,1.054054100000000105e+00,7.157131800000000510e+01,5.464751500000000206e-01,1.527650899999999923e-01,1.092540000000000004e-02,2.188867999999999925e-01
2.300000000000000000e+01,8.039012500000000672e-02,9.757104100000000280e-01,1.086715300000000051e+00,6.695595799999999542e+01,1.087895599999999963e+00,6.941855099999999501e-01,2.009750000000000078e-02,2.439275999999999944e-01
2.400000000000000000e+01,1.348951899999999982e-01,1.096148799999999923e+00,1.136962800000000051e+00,6.158646900000000102e+01,2.093904999999999905e+00,1.700194900000000064e+00,3.372379999999999822e-02,2.740371999999999808e-01
