# POINT,X,Y,Mach,MACH_ANG__D,PSI__D,FLOW_ANG__D,X_IN,Y_IN
1.600000000000000000e+01,1.225808899999999979e-01,6.253909800000000407e-01,1.041991499999999959e+00,7.367866600000000687e+01,3.770403700000000136e-01,3.221998799999999941e-01,3.064520000000000091e-02,1.563477000000000061e-01
1.700000000000000000e+01,1.692654399999999892e-01,7.677554699999999954e-01,1.077153199999999922e+00,6.818260200000000282e+01,9.184607900000000269e-01,8.636203000000000074e-01,4.231639999999999707e-02,1.919388999999999956e-01
1.800000000000000000e+01,2.349119600000000030e-01,9.213882700000000092e-01,1.129057100000000036e+00,6.233714799999999912e+01,1.924470200000000020e+00,1.869629699999999950e+00,5.872800000000000242e-02,2.303470999999999991e-01
1.900000000000000000e+01,3.043306199999999961e-01,1.054424199999999923e+00,1.189777099999999921e+00,5.719227999999999668e+01,3.308853200000000161e+00,3.254012700000000091e+00,7.608270000000000310e-02,2.636061000000000099e-01
2.000000000000000000e+01,3.700215700000000218e-01,1.164263700000000012e+00,1.256639499999999909e+00,5.272834799999999689e+01,5.004383699999999990e+00,4.949543199999999921e+00,9.250540000000000151e-02,2.910658999999999885e-01
