# POINT,X,Y,Mach,MACH_ANG__D,PSI__D,FLOW_ANG__D,X_IN,Y_IN
8.000000000000000000e+00,2.209213600000000111e-01,2.918491200000000174e-01,1.043092499999999978e+00,7.347339599999999393e+01,3.916916500000000023e-01,3.075486000000000053e-01,5.523030000000000300e-02,7.296229999999999383e-02
9.000000000000000000e+00,2.857903900000000053e-01,4.874925099999999900e-01,1.077998999999999929e+00,6.807058399999999665e+01,9.331120699999999601e-01,8.489690199999999631e-01,7.144760000000000000e-02,1.218730999999999981e-01
1.000000000000000000e+01,3.697235099999999774e-01,6.828862900000000069e-01,1.129747599999999963e+00,6.227041299999999779e+01,1.939121499999999942e+00,1.854978400000000027e+00,9.243089999999999640e-02,1.707216000000000011e-01
1.100000000000000000e+01,4.554437800000000203e-01,8.466589300000000318e-01,1.190382300000000004e+00,5.714711499999999944e+01,3.323504499999999862e+00,3.239361399999999946e+00,1.138609000000000010e-01,2.116647000000000112e-01
1.200000000000000000e+01,5.360580400000000134e-01,9.811607399999999757e-01,1.257194900000000004e+00,5.269509599999999949e+01,5.019034999999999691e+00,4.934891900000000220e+00,1.340145000000000086e-01,2.452902000000000138e-01
1.300000000000000000e+01,6.067367700000000363e-01,1.088719800000000015e+00,1.328465299999999960e+00,4.882901100000000127e+01,6.956728199999999696e+00,6.872585100000000224e+00,1.516841999999999913e-01,2.721799999999999775e-01
1.400000000000000000e+01,6.638522000000000034e-01,1.170550699999999944e+00,1.402842799999999945e+00,4.546631500000000159e+01,9.068950299999999132e+00,8.984807299999999941e+00,1.659631000000000023e-01,2.926377000000000006e-01
