# POINT,X,Y,Mach,MACH_ANG__D,PSI__D,FLOW_ANG__D,X_IN,Y_IN
2.300000000000000000e+01,2.950930800000000145e-02,9.172401000000000026e-01,1.057069100000000095e+00,7.108701200000000142e+01,5.917018299999999842e-01,1.075384199999999957e-01,7.377299999999999830e-03,2.293100000000000138e-01
2.400000000000000000e+01,6.474025799999999498e-02,1.011080900000000060e+00,1.089193700000000042e+00,6.665137300000000664e+01,1.133122200000000079e+00,6.489588400000000368e-01,1.618510000000000087e-02,2.527702000000000004e-01
2.500000000000000000e+01,1.175063999999999970e-01,1.126040799999999953e+00,1.139044900000000027e+00,6.139348100000000130e+01,2.139131599999999800e+00,1.654968199999999889e+00,2.937659999999999924e-02,2.815101999999999882e-01
