# POINT,X,Y,Mach,MACH_ANG__D,PSI__D,FLOW_ANG__D,X_IN,Y_IN
1.500000000000000000e+01,1.349722499999999881e-01,5.836982400000000348e-01,1.041001099999999902e+00,7.386586900000000355e+01,3.640090200000000165e-01,3.352312299999999912e-01,3.374309999999999810e-02,1.459245999999999877e-01
1.600000000000000000e+01,1.835783900000000080e-01,7.334335100000000107e-01,1.076397700000000013e+00,6.828328299999999729e+01,9.054294400000000298e-01,8.766516500000000045e-01,4.589460000000000067e-02,1.833584000000000047e-01
1.700000000000000000e+01,2.512404899999999830e-01,8.925384499999999832e-01,1.128441699999999992e+00,6.239681099999999958e+01,1.911438799999999993e+00,1.882660999999999918e+00,6.281009999999999371e-02,2.231345999999999885e-01
1.800000000000000000e+01,3.224945699999999804e-01,1.029467799999999933e+00,1.189238199999999912e+00,5.723257300000000214e+01,3.295821899999999971e+00,3.267044100000000117e+00,8.062360000000000360e-02,2.573669000000000096e-01
1.900000000000000000e+01,3.898855199999999854e-01,1.142366699999999957e+00,1.256145199999999962e+00,5.275798400000000044e+01,4.991352299999999964e+00,4.962574499999999666e+00,9.747139999999999971e-02,2.855917000000000039e-01
