# POINT,X,Y,Mach,MACH_ANG__D,PSI__D,FLOW_ANG__D,X_IN,Y_IN
4.000000000000000000e+00,2.735444300000000051e-01,1.250782000000000005e-01,1.052404799999999918e+00,7.184272799999999393e+01,5.221992699999999932e-01,1.770409799999999867e-01,6.838610000000000522e-02,3.126949999999999869e-02
5.000000000000000000e+00,3.501090800000000169e-01,3.370404399999999967e-01,1.085372900000000085e+00,6.712311200000000611e+01,1.063619700000000057e+00,7.184613899999999775e-01,8.752730000000000232e-02,8.426010000000000444e-02
6.000000000000000000e+00,4.457598700000000025e-01,5.500472600000000378e-01,1.135840500000000031e+00,6.169129099999999966e+01,2.069629100000000221e+00,1.724470799999999970e+00,1.114399999999999974e-01,1.375117999999999896e-01
7.000000000000000000e+00,5.418019899999999556e-01,7.287164600000000103e-01,1.195747700000000080e+00,5.675111499999999864e+01,3.454012099999999919e+00,3.108853799999999890e+00,1.354505000000000015e-01,1.821791000000000105e-01
8.000000000000000000e+00,6.317739300000000391e-01,8.760183799999999854e-01,1.262129400000000068e+00,5.240207800000000304e+01,5.149542600000000192e+00,4.804384299999999719e+00,1.579434999999999867e-01,2.190045999999999937e-01
9.000000000000000000e+00,7.111384099999999986e-01,9.950064100000000078e-01,1.333140200000000108e+00,4.859979100000000329e+01,7.087235800000000197e+00,6.742077499999999723e+00,1.777845999999999871e-01,2.487515999999999894e-01
1.000000000000000000e+01,7.764299799999999641e-01,1.087380999999999931e+00,1.407365500000000047e+00,4.527947499999999792e+01,9.199457900000000521e+00,8.854299700000000328e+00,1.941074999999999884e-01,2.718453000000000119e-01
