# POINT,X,Y,Mach,MACH_ANG__D,PSI__D,FLOW_ANG__D,X_IN,Y_IN
1.300000000000000000e+01,1.594448699999999886e-01,5.003127800000000125e-01,1.039939799999999970e+00,7.406924600000000680e+01,3.502039299999999966e-01,3.490363100000000163e-01,3.986119999999999941e-02,1.250782000000000005e-01
1.400000000000000000e+01,2.121688399999999974e-01,6.645441699999999896e-01,1.075593900000000103e+00,6.839104899999999532e+01,8.916243499999999544e-01,8.904567300000000296e-01,5.304219999999999768e-02,1.661360000000000059e-01
1.500000000000000000e+01,2.840530399999999789e-01,8.344414300000000395e-01,1.127788699999999977e+00,6.246033299999999855e+01,1.897633700000000090e+00,1.896466100000000043e+00,7.101330000000000142e-02,2.086104000000000014e-01
1.600000000000000000e+01,3.591106700000000207e-01,9.791029199999999877e-01,1.188666800000000023e+00,5.727538700000000205e+01,3.282016800000000067e+00,3.280849100000000185e+00,8.977770000000000195e-02,2.447757000000000127e-01
1.700000000000000000e+01,4.300044199999999983e-01,1.098113099999999953e+00,1.255621199999999993e+00,5.278944400000000314e+01,4.977547300000000341e+00,4.976379599999999570e+00,1.075011000000000022e-01,2.745283000000000029e-01
