# POINT,X,Y,Mach,MACH_ANG__D,PSI__D,FLOW_ANG__D,X_IN,Y_IN
5.000000000000000000e+00,2.599150100000000019e-01,1.667709300000000117e-01,1.049453699999999934e+00,7.234060399999999902e+01,4.796105199999999846e-01,2.196297299999999952e-01,6.497880000000000322e-02,4.169269999999999921e-02
6.000000000000000000e+00,3.334021099999999738e-01,3.755261300000000135e-01,1.082996700000000034e+00,6.742291899999999316e+01,1.021030899999999964e+00,7.610501499999999808e-01,8.335049999999999404e-02,9.388150000000000661e-02
7.000000000000000000e+00,4.259217599999999826e-01,5.844615399999999461e-01,1.133863400000000077e+00,6.187733200000000267e+01,2.027040299999999906e+00,1.767059500000000005e+00,1.064804000000000028e-01,1.461154000000000064e-01
8.000000000000000000e+00,5.191966199999999976e-01,7.594730699999999723e-01,1.194001899999999949e+00,5.687911700000000081e+01,3.411423399999999884e+00,3.151442600000000205e+00,1.297992000000000035e-01,1.898682999999999899e-01
9.000000000000000000e+00,6.066593700000000311e-01,9.035453900000000038e-01,1.260521699999999967e+00,5.249707899999999938e+01,5.106953800000000321e+00,4.846973000000000198e+00,1.516647999999999885e-01,2.258863000000000121e-01
1.000000000000000000e+01,6.836970100000000494e-01,1.019605400000000106e+00,1.331615999999999911e+00,4.867423300000000097e+01,7.044647000000000325e+00,6.784666200000000202e+00,1.709243000000000012e-01,2.549012999999999973e-01
1.100000000000000000e+01,7.468017799999999706e-01,1.109252200000000022e+00,1.405890400000000096e+00,4.534021700000000266e+01,9.156869199999999154e+00,8.896888399999999919e+00,1.867003999999999886e-01,2.773129999999999762e-01
