# POINT,X,Y,Mach,MACH_ANG__D,PSI__D,FLOW_ANG__D,X_IN,Y_IN
1.700000000000000000e+01,1.100319800000000015e-01,6.670837099999999964e-01,1.043279499999999915e+00,7.343882000000000687e+01,3.941971499999999962e-01,3.050431000000000115e-01,2.750800000000000120e-02,1.667708999999999997e-01
1.800000000000000000e+01,1.548777299999999912e-01,8.020867099999999805e-01,1.078143300000000027e+00,6.805155100000000346e+01,9.356175700000000095e-01,8.464635200000000248e-01,3.871940000000000104e-02,2.005216999999999972e-01
1.900000000000000000e+01,2.185629699999999953e-01,9.502110999999999752e-01,1.129865499999999967e+00,6.225903600000000182e+01,1.941626999999999992e+00,1.852472899999999978e+00,5.464070000000000038e-02,2.375528000000000084e-01
2.000000000000000000e+01,2.861813999999999747e-01,1.079331599999999947e+00,1.190485800000000038e+00,5.713940699999999850e+01,3.326010000000000133e+00,3.236855900000000119e+00,7.154530000000000611e-02,2.698328999999999867e-01
2.100000000000000000e+01,3.501979499999999801e-01,1.186101499999999920e+00,1.257289899999999960e+00,5.268941699999999884e+01,5.021540500000000407e+00,4.932386400000000393e+00,8.754950000000000232e-02,2.965253999999999945e-01
