# POINT,X,Y,Mach,MACH_ANG__D,PSI__D,FLOW_ANG__D,X_IN,Y_IN
1.000000000000000000e+01,1.960439599999999893e-01,3.752345899999999790e-01,1.040780500000000108e+00,7.390789999999999793e+01,3.611260499999999762e-01,3.381141999999999759e-01,4.901099999999999901e-02,9.380860000000000587e-02
1.100000000000000000e+01,2.557196099999999861e-01,5.594910499999999898e-01,1.076230100000000078e+00,6.830569400000000257e+01,9.025464699999999896e-01,8.795346200000000447e-01,6.392989999999999784e-02,1.398727999999999916e-01
1.200000000000000000e+01,3.345343299999999909e-01,7.450174600000000202e-01,1.128305499999999961e+00,6.241004900000000077e+01,1.908555900000000083e+00,1.885544000000000109e+00,8.363360000000000238e-02,1.862543999999999866e-01
1.300000000000000000e+01,4.157474299999999734e-01,9.011802899999999950e-01,1.189118899999999979e+00,5.724150300000000158e+01,3.292938899999999780e+00,3.269927000000000028e+00,1.039368999999999987e-01,2.252950999999999981e-01
1.400000000000000000e+01,4.922657699999999914e-01,1.029424899999999976e+00,1.256035800000000036e+00,5.276454900000000237e+01,4.988469399999999609e+00,4.965457500000000302e+00,1.230664000000000063e-01,2.573561999999999794e-01
1.500000000000000000e+01,5.591297699999999704e-01,1.131538900000000014e+00,1.327368499999999951e+00,4.888317299999999932e+01,6.926162599999999614e+00,6.903150700000000306e+00,1.397824000000000011e-01,2.828846999999999889e-01
1.600000000000000000e+01,6.126388699999999465e-01,1.208431000000000033e+00,1.401782499999999931e+00,4.551037900000000036e+01,9.038384699999999938e+00,9.015372899999999134e+00,1.531597000000000097e-01,3.021076999999999790e-01
