# POINT,X,Y,Mach,MACH_ANG__D,PSI__D,FLOW_ANG__D,X_IN,Y_IN
1.800000000000000000e+01,9.728801500000000546e-02,7.087764399999999521e-01,1.044859999999999900e+00,7.314982600000000446e+01,4.155692100000000222e-01,2.836710399999999854e-01,2.432199999999999987e-02,1.771940999999999933e-01
1.900000000000000000e+01,1.403713699999999953e-01,8.364875299999999791e-01,1.079369199999999918e+00,6.789062099999999589e+01,9.569896300000000355e-01,8.250914599999999988e-01,3.509280000000000038e-02,2.091218999999999995e-01
2.000000000000000000e+01,2.021435299999999879e-01,9.790781400000000412e-01,1.130870100000000100e+00,6.216241899999999987e+01,1.962998999999999938e+00,1.831100799999999973e+00,5.053590000000000165e-02,2.447695000000000010e-01
2.100000000000000000e+01,2.679910600000000032e-01,1.104259000000000102e+00,1.191367400000000076e+00,5.707382199999999983e+01,3.347382000000000080e+00,3.215483900000000173e+00,6.699779999999999625e-02,2.760646999999999962e-01
2.200000000000000000e+01,3.303530700000000264e-01,1.207944099999999965e+00,1.258099499999999926e+00,5.264106100000000055e+01,5.042912499999999909e+00,4.911014400000000002e+00,8.258830000000000338e-02,3.019859999999999767e-01
