# POINT,X,Y,Mach,MACH_ANG__D,PSI__D,FLOW_ANG__D,X_IN,Y_IN
1.200000000000000000e+01,1.716130399999999945e-01,4.586200500000000013e-01,1.039885600000000077e+00,7.407971499999999310e+01,3.495031299999999952e-01,3.497371100000000177e-01,4.290329999999999838e-02,1.146550000000000069e-01
1.300000000000000000e+01,2.265458499999999931e-01,6.298298599999999636e-01,1.075552999999999981e+00,6.839655000000000484e+01,8.909235500000000085e-01,8.911575299999999755e-01,5.663649999999999934e-02,1.574575000000000002e-01
1.400000000000000000e+01,3.006521400000000122e-01,8.050246399999999580e-01,1.127755499999999911e+00,6.246356600000000014e+01,1.896932899999999922e+00,1.897166899999999989e+00,7.516299999999999371e-02,2.012561999999999962e-01
1.500000000000000000e+01,3.776931099999999986e-01,9.535308200000000012e-01,1.188637799999999967e+00,5.727756399999999815e+01,3.281315999999999899e+00,3.281549899999999909e+00,9.442330000000000167e-02,2.383827000000000029e-01
1.600000000000000000e+01,4.504042500000000060e-01,1.075604500000000074e+00,1.255594600000000005e+00,5.279104300000000194e+01,4.976846499999999729e+00,4.977080400000000182e+00,1.126010999999999956e-01,2.689011000000000040e-01
