# POINT,X,Y,Mach,MACH_ANG__D,PSI__D,FLOW_ANG__D,X_IN,Y_IN
1.900000000000000000e+01,8.431409300000000662e-02,7.504691700000000187e-01,1.046729299999999974e+00,7.281520500000000595e+01,4.412901399999999974e-01,2.579501000000000155e-01,2.107850000000000001e-02,1.876172999999999869e-01
2.000000000000000000e+01,1.257055499999999992e-01,8.710103599999999835e-01,1.080834199999999967e+00,6.770023100000000227e+01,9.827105600000000107e-01,7.993705199999999733e-01,3.142640000000000017e-02,2.177525999999999906e-01
2.100000000000000000e+01,1.856074600000000019e-01,1.008053199999999983e+00,1.132075299999999896e+00,6.204713199999999773e+01,1.988720000000000043e+00,1.805379899999999926e+00,4.640190000000000287e-02,2.520132999999999956e-01
2.200000000000000000e+01,2.497082499999999927e-01,1.129268500000000008e+00,1.192426900000000067e+00,5.699529700000000076e+01,3.373102999999999962e+00,3.189762899999999846e+00,6.242709999999999926e-02,2.823170999999999875e-01
2.300000000000000000e+01,3.104304999999999981e-01,1.229849399999999982e+00,1.259073000000000109e+00,5.258306900000000184e+01,5.068633499999999792e+00,4.885293400000000119e+00,7.760759999999999881e-02,3.074623000000000217e-01
