# POINT,X,Y,Mach,MACH_ANG__D,PSI__D,FLOW_ANG__D,X_IN,Y_IN
1.100000000000000000e+01,1.837968799999999958e-01,4.169273199999999902e-01,1.040162100000000089e+00,7.402640499999999690e+01,3.530816700000000141e-01,3.461585699999999988e-01,4.594920000000000254e-02,1.042317999999999995e-01
1.200000000000000000e+01,2.410456500000000002e-01,5.948360700000000501e-01,1.075761699999999932e+00,6.836848899999999674e+01,8.945020900000000275e-01,8.875789899999999566e-01,6.026139999999999969e-02,1.487090000000000078e-01
1.300000000000000000e+01,3.174592199999999864e-01,7.752455900000000399e-01,1.127924900000000008e+00,6.244706399999999746e+01,1.900511499999999909e+00,1.893588400000000060e+00,7.936479999999999924e-02,1.938113999999999948e-01
1.400000000000000000e+01,3.965490300000000246e-01,9.275852599999999670e-01,1.188785999999999898e+00,5.726645100000000355e+01,3.284894500000000050e+00,3.277971400000000202e+00,9.913729999999999765e-02,2.318962999999999997e-01
1.500000000000000000e+01,4.711321800000000115e-01,1.052735500000000046e+00,1.255730500000000083e+00,5.278288100000000327e+01,4.980425000000000324e+00,4.973501899999999587e+00,1.177829999999999988e-01,2.631839000000000262e-01
