# POINT,X,Y,Mach,MACH_ANG__D,PSI__D,FLOW_ANG__D,X_IN,Y_IN
2.300000000000000000e+01,1.209756300000000041e-02,9.166831600000000524e-01,1.009933799999999993e+00,8.195722999999999558e+01,3.981059700000000312e-02,6.813675200000000008e-03,9.072999999999999902e-04,6.875119999999999842e-02
2.400000000000000000e+01,1.698710900000000024e-01,1.691435999999999940e+00,1.069238799999999934e+00,6.926772800000000530e+01,7.012902500000000039e-01,6.682933199999999685e-01,1.274029999999999954e-02,1.268576999999999899e-01
2.500000000000000000e+01,4.203890599999999811e-01,2.268092600000000125e+00,1.160258500000000081e+00,5.952797699999999992e+01,2.314753300000000014e+00,2.281756399999999907e+00,3.152920000000000028e-02,1.701069000000000053e-01
