# POINT,X,Y,Mach,MACH_ANG__D,PSI__D,FLOW_ANG__D,X_IN,Y_IN
9.000000000000000000e+00,8.502983100000000016e-02,3.333393299999999893e-01,1.007221300000000097e+00,8.313496299999999906e+01,2.472456899999999833e-02,2.189970299999999953e-02,6.377200000000000403e-03,2.500039999999999901e-02
1.000000000000000000e+01,2.792515700000000045e-01,1.410784500000000108e+00,1.068208199999999941e+00,6.941426199999999369e+01,6.862042200000000314e-01,6.833793500000000520e-01,2.094390000000000140e-02,1.058087999999999945e-01
1.100000000000000000e+01,5.572801400000000349e-01,2.054978399999999983e+00,1.159505599999999914e+00,5.959126400000000245e+01,2.299667299999999859e+00,2.296842400000000062e+00,4.179599999999999982e-02,1.541233999999999937e-01
