# POINT,X,Y,Mach,MACH_ANG__D,PSI__D,FLOW_ANG__D,X_IN,Y_IN
8.000000000000000000e+00,9.009835800000000339e-02,2.916719199999999734e-01,1.007441299999999984e+00,8.303180100000000152e+01,2.585883900000000152e-02,2.076543299999999981e-02,6.757400000000000212e-03,2.187539999999999971e-02
9.000000000000000000e+00,2.894238399999999878e-01,1.384659000000000084e+00,1.068285900000000010e+00,6.940316799999999375e+01,6.873384900000000242e-01,6.822450799999999482e-01,2.170679999999999832e-02,1.038493999999999945e-01
1.000000000000000000e+01,5.701906399999999708e-01,2.034873900000000013e+00,1.159562299999999935e+00,5.958649599999999680e+01,2.300801499999999944e+00,2.295708100000000140e+00,4.276429999999999815e-02,1.526154999999999873e-01
