# POINT,X,Y,Mach,MACH_ANG__D,PSI__D,FLOW_ANG__D,X_IN,Y_IN
1.000000000000000000e+00,1.291531800000000063e-01,0.000000000000000000e+00,1.011043300000000089e+00,8.152386900000000480e+01,4.662427200000000133e-02,0.000000000000000000e+00,9.686500000000000665e-03,0.000000000000000000e+00
2.000000000000000000e+00,3.757829699999999939e-01,1.163791199999999915e+00,1.069702200000000047e+00,6.920225600000000554e+01,7.081039199999999978e-01,6.614796499999999746e-01,2.818369999999999903e-02,8.728429999999999522e-02
3.000000000000000000e+00,6.805355400000000499e-01,1.863240100000000066e+00,1.160598199999999913e+00,5.949949000000000154e+01,2.321566999999999936e+00,2.274942699999999984e+00,5.104020000000000085e-02,1.397430000000000061e-01
4.000000000000000000e+00,9.652028099999999666e-01,2.344653999999999794e+00,1.268474700000000066e+00,5.203143299999999982e+01,4.662299400000000205e+00,4.615675099999999809e+00,7.239020000000000177e-02,1.758491000000000082e-01
