# POINT,X,Y,Mach,MACH_ANG__D,PSI__D,FLOW_ANG__D,X_IN,Y_IN
1.300000000000000000e+01,6.518651200000000201e-02,5.000090000000000368e-01,1.006968099999999922e+00,8.325567300000000159e+01,2.344021300000000141e-02,2.318405899999999992e-02,4.889000000000000117e-03,3.750069999999999792e-02
1.400000000000000000e+01,2.434595400000000021e-01,1.502774599999999960e+00,1.068120200000000075e+00,6.942683999999999855e+01,6.849198600000000470e-01,6.846637100000000364e-01,1.825950000000000142e-02,1.127081000000000055e-01
1.500000000000000000e+01,5.120432099999999709e-01,2.125435799999999986e+00,1.159441500000000014e+00,5.959666599999999903e+01,2.298382900000000006e+00,2.298126799999999914e+00,3.840319999999999845e-02,1.594077000000000133e-01
