# POINT,X,Y,Mach,MACH_ANG__D,PSI__D,FLOW_ANG__D,X_IN,Y_IN
1.000000000000000000e+00,1.977916400000000019e+00,0.000000000000000000e+00,1.265603699999999998e+00,5.219829200000000213e+01,4.596509700000000365e+00,0.000000000000000000e+00,1.483436999999999950e-01,0.000000000000000000e+00
2.000000000000000000e+00,2.542327600000000132e+00,6.936002300000000398e-01,1.364962800000000032e+00,4.710654999999999859e+01,6.937242099999999745e+00,2.340732399999999824e+00,1.906745999999999996e-01,5.201999999999999680e-02
3.000000000000000000e+00,3.020807700000000207e+00,1.235486199999999979e+00,1.480965199999999982e+00,4.247242700000000326e+01,9.755845700000000065e+00,5.159335999999999700e+00,2.265606000000000009e-01,9.266149999999999387e-02
4.000000000000000000e+00,3.395577400000000079e+00,1.639813799999999988e+00,1.606713199999999953e+00,3.849077400000000182e+01,1.281126199999999926e+01,8.214752499999999458e+00,2.546683000000000141e-01,1.229859999999999981e-01
5.000000000000000000e+00,3.655859200000000087e+00,1.914882399999999985e+00,1.736759399999999953e+00,3.515462300000000084e+01,1.590011100000000077e+01,1.130360100000000045e+01,2.741894000000000275e-01,1.436161999999999994e-01
6.000000000000000000e+00,3.800591700000000017e+00,2.067736899999999878e+00,1.866694499999999923e+00,3.239182399999999973e+01,1.887280799999999914e+01,1.427629899999999985e+01,2.850443999999999756e-01,1.550803000000000043e-01
