# POINT,X,Y,Mach,MACH_ANG__D,PSI__D,FLOW_ANG__D,X_IN,Y_IN
1.600000000000000000e+01,5.018561800000000128e-02,6.250112500000000182e-01,1.007365800000000089e+00,8.306703000000000259e+01,2.546766699999999939e-02,2.115660600000000141e-02,3.763900000000000145e-03,4.687580000000000219e-02
1.700000000000000000e+01,2.203959799999999913e-01,1.562036399999999992e+00,1.068259099999999906e+00,6.940699299999999994e+01,6.869473200000000279e-01,6.826362500000000555e-01,1.652970000000000134e-02,1.171526999999999985e-01
1.800000000000000000e+01,4.830967700000000087e-01,2.170517400000000041e+00,1.159542800000000096e+00,5.958814000000000277e+01,2.300410400000000077e+00,2.296099299999999843e+00,3.623230000000000200e-02,1.627888000000000113e-01
