# POINT,X,Y,Mach,MACH_ANG__D,PSI__D,FLOW_ANG__D,X_IN,Y_IN
4.000000000000000000e+00,1.114464899999999953e-01,1.250022500000000092e-01,1.009030600000000000e+00,8.232869599999999366e+01,3.452994899999999728e-02,1.209432300000000057e-02,8.358499999999999611e-03,9.375200000000000200e-03
5.000000000000000000e+00,3.356124500000000066e-01,1.266271699999999889e+00,1.068878800000000018e+00,6.931877199999999561e+01,6.960096000000000060e-01,6.735739699999999663e-01,2.517089999999999952e-02,9.497039999999999649e-02
6.000000000000000000e+00,6.290502599999999722e-01,1.943267000000000078e+00,1.159995099999999946e+00,5.955009700000000095e+01,2.309472700000000156e+00,2.287037000000000209e+00,4.717879999999999990e-02,1.457450000000000134e-01
