# POINT,X,Y,Mach,MACH_ANG__D,PSI__D,FLOW_ANG__D,X_IN,Y_IN
1.500000000000000000e+01,5.523493000000000153e-02,5.833438300000000076e-01,1.007181899999999963e+00,8.315362000000000364e+01,2.452305600000000141e-02,2.210121599999999992e-02,4.142599999999999755e-03,4.375079999999999941e-02
1.600000000000000000e+01,2.278412599999999899e-01,1.542912099999999898e+00,1.068194400000000099e+00,6.941623500000000035e+01,6.860027100000000155e-01,6.835808700000000071e-01,1.708809999999999843e-02,1.157183999999999990e-01
1.700000000000000000e+01,4.924204300000000201e-01,2.155997900000000023e+00,1.159495600000000071e+00,5.959211200000000019e+01,2.299465800000000115e+00,2.297043899999999805e+00,3.693149999999999905e-02,1.616998000000000046e-01
