# POINT,X,Y,Mach,MACH_ANG__D,PSI__D,FLOW_ANG__D,X_IN,Y_IN
2.100000000000000000e+01,2.359179200000000032e-02,8.333483299999999705e-01,1.008984899999999962e+00,8.234799399999999991e+01,3.426923600000000153e-02,1.235503699999999927e-02,1.769399999999999966e-03,6.250110000000000388e-02
2.200000000000000000e+01,1.844891200000000064e-01,1.654089099999999979e+00,1.068861000000000061e+00,6.932129899999999623e+01,6.957488800000000140e-01,6.738346899999999584e-01,1.383670000000000039e-02,1.240567000000000059e-01
2.300000000000000000e+01,4.384332300000000071e-01,2.240034099999999917e+00,1.159982099999999905e+00,5.955118999999999829e+01,2.309211900000000206e+00,2.287297699999999878e+00,3.288250000000000201e-02,1.680026000000000019e-01
