# POINT,X,Y,Mach,MACH_ANG__D,PSI__D,FLOW_ANG__D,X_IN,Y_IN
1.800000000000000000e+01,3.985867199999999777e-02,7.083460799999999891e-01,1.007878199999999946e+00,8.283144500000000221e+01,2.816022400000000106e-02,1.846404899999999974e-02,2.989400000000000130e-03,5.312599999999999961e-02
1.900000000000000000e+01,2.059294000000000124e-01,1.599166499999999935e+00,1.068443500000000101e+00,6.938069799999999532e+01,6.896398700000000437e-01,6.799437000000000397e-01,1.544470000000000044e-02,1.199375000000000024e-01
2.000000000000000000e+01,4.650415500000000257e-01,2.198628300000000202e+00,1.159677199999999964e+00,5.957682599999999695e+01,2.303102899999999842e+00,2.293406800000000079e+00,3.487810000000000216e-02,1.648970999999999909e-01
