# POINT,X,Y,Mach,MACH_ANG__D,PSI__D,FLOW_ANG__D,X_IN,Y_IN
1.700000000000000000e+01,4.506519099999999750e-02,6.666786599999999785e-01,1.007598500000000064e+00,8.295904600000000073e+01,2.667937600000000117e-02,1.994489699999999963e-02,3.379899999999999918e-03,5.000090000000000090e-02
1.800000000000000000e+01,2.131113900000000116e-01,1.580738699999999941e+00,1.068342099999999961e+00,6.939515099999999848e+01,6.881590199999999546e-01,6.814245500000000177e-01,1.598339999999999830e-02,1.185554000000000052e-01
1.900000000000000000e+01,4.739948700000000126e-01,2.184689699999999846e+00,1.159603299999999892e+00,5.958304700000000054e+01,2.301622099999999893e+00,2.294887600000000027e+00,3.554960000000000064e-02,1.638516999999999890e-01
