# POINT,X,Y,Mach,MACH_ANG__D,PSI__D,FLOW_ANG__D,X_IN,Y_IN
1.900000000000000000e+01,3.455236799999999997e-02,7.500134999999999996e-01,1.008203399999999972e+00,8.268596999999999753e+01,2.991446000000000036e-02,1.670981200000000097e-02,2.591400000000000214e-03,5.625100000000000239e-02
2.000000000000000000e+01,1.987963399999999881e-01,1.617455300000000040e+00,1.068563499999999999e+00,6.936360399999999515e+01,6.913941099999999507e-01,6.781894600000000217e-01,1.490969999999999969e-02,1.213091000000000030e-01
2.100000000000000000e+01,4.561693700000000185e-01,2.212437899999999846e+00,1.159764800000000040e+00,5.956945900000000194e+01,2.304857199999999828e+00,2.291652500000000092e+00,3.421269999999999867e-02,1.659327999999999914e-01
