# POINT,X,Y,Mach,MACH_ANG__D,PSI__D,FLOW_ANG__D,X_IN,Y_IN
5.000000000000000000e+00,1.059063199999999982e-01,1.666696699999999920e-01,1.008521400000000012e+00,8.254655800000000454e+01,3.166283300000000134e-02,1.496143899999999999e-02,7.943000000000000407e-03,1.250019999999999951e-02
6.000000000000000000e+00,3.232427800000000073e-01,1.297929200000000005e+00,1.068683000000000050e+00,6.934659700000000271e+01,6.931424800000000053e-01,6.764410899999999671e-01,2.424319999999999947e-02,9.734470000000000622e-02
7.000000000000000000e+00,6.132511400000000279e-01,1.967846100000000042e+00,1.159852000000000105e+00,5.956212099999999765e+01,2.306605499999999864e+00,2.289904100000000220e+00,4.599380000000000135e-02,1.475885000000000113e-01
