# POINT,X,Y,Mach,MACH_ANG__D,PSI__D,FLOW_ANG__D,X_IN,Y_IN
1.000000000000000000e+01,8.002575200000000555e-02,3.750067499999999998e-01,1.007066699999999981e+00,8.320843200000000195e+01,2.393740499999999841e-02,2.268686699999999945e-02,6.001900000000000117e-03,2.812550000000000119e-02
1.100000000000000000e+01,2.696054900000000032e-01,1.435569199999999990e+00,1.068154300000000001e+00,6.942196900000000426e+01,6.854170499999999722e-01,6.841665200000000002e-01,2.022039999999999949e-02,1.076677000000000051e-01
1.200000000000000000e+01,5.450575199999999620e-01,2.074013900000000188e+00,1.159466300000000061e+00,5.959457499999999897e+01,2.298880099999999871e+00,2.297629600000000050e+00,4.087930000000000036e-02,1.555509999999999948e-01
