# POINT,X,Y,Mach,MACH_ANG__D,PSI__D,FLOW_ANG__D,X_IN,Y_IN
2.200000000000000000e+01,1.791608600000000120e-02,8.750157499999999811e-01,1.009438899999999917e+00,8.215852700000000652e+01,3.688660900000000076e-02,9.737663000000000568e-03,1.343699999999999973e-03,6.562619999999999565e-02
2.300000000000000000e+01,1.772353500000000137e-01,1.672633000000000036e+00,1.069039499999999920e+00,6.929595899999999631e+01,6.983662600000000165e-01,6.712173099999999559e-01,1.329269999999999931e-02,1.254474999999999896e-01
2.400000000000000000e+01,4.294699799999999734e-01,2.253974200000000039e+00,1.160112699999999997e+00,5.954022100000000250e+01,2.311829299999999865e+00,2.284680400000000056e+00,3.221020000000000133e-02,1.690481000000000067e-01
