# POINT,X,Y,Mach,MACH_ANG__D,PSI__D,FLOW_ANG__D,X_IN,Y_IN
3.000000000000000000e+00,1.171554399999999996e-01,8.333483299999999705e-02,1.009619000000000044e+00,8.208467299999999511e+01,3.794206600000000346e-02,8.682206099999999205e-03,8.786699999999999719e-03,6.250099999999999753e-03
4.000000000000000000e+00,3.485075400000000045e-01,1.233315900000000020e+00,1.069111499999999992e+00,6.928575899999999876e+01,6.994217200000000245e-01,6.701618599999999981e-01,2.613810000000000092e-02,9.249870000000000314e-02
5.000000000000000000e+00,6.455477600000000260e-01,1.917611299999999908e+00,1.160165300000000066e+00,5.953580000000000183e+01,2.312884799999999963e+00,2.283624899999999958e+00,4.841609999999999664e-02,1.438207999999999986e-01
