# POINT,X,Y,Mach,MACH_ANG__D,PSI__D,FLOW_ANG__D,X_IN,Y_IN
6.000000000000000000e+00,1.005153099999999966e-01,2.083370800000000078e-01,1.008088600000000001e+00,8.273700700000000552e+01,2.929093600000000006e-02,1.733333700000000074e-02,7.538600000000000335e-03,1.562530000000000169e-02
7.000000000000000000e+00,3.114159100000000180e-01,1.328233100000000055e+00,1.068520799999999937e+00,6.936967599999999834e+01,6.907705800000000229e-01,6.788129899999999495e-01,2.335620000000000057e-02,9.961749999999999772e-02
8.000000000000000000e+00,5.981695099999999599e-01,1.991316499999999934e+00,1.159733600000000031e+00,5.957207700000000017e+01,2.304233599999999882e+00,2.292276000000000202e+00,4.486269999999999841e-02,1.493487000000000009e-01
