# POINT,X,Y,Mach,MACH_ANG__D,PSI__D,FLOW_ANG__D,X_IN,Y_IN
1.100000000000000000e+01,7.506454099999999852e-02,4.166741700000000104e-01,1.006974700000000000e+00,8.325252500000000566e+01,2.347312600000000041e-02,2.315114700000000039e-02,5.629799999999999909e-03,3.125060000000000338e-02
1.200000000000000000e+01,2.604541899999999743e-01,1.459089400000000092e+00,1.068122400000000027e+00,6.942651700000000403e+01,6.849527699999999886e-01,6.846307999999999838e-01,1.953409999999999869e-02,1.094317000000000067e-01
1.300000000000000000e+01,5.334816599999999687e-01,2.092043599999999781e+00,1.159443100000000060e+00,5.959652799999999928e+01,2.298415799999999898e+00,2.298093900000000023e+00,4.001110000000000083e-02,1.569032999999999956e-01
