# POINT,X,Y,Mach,MACH_ANG__D,PSI__D,FLOW_ANG__D,X_IN,Y_IN
2.000000000000000000e+01,2.913383099999999892e-02,7.916809099999999599e-01,1.008572699999999989e+00,8.252429499999999507e+01,3.194821899999999992e-02,1.467605399999999914e-02,2.184999999999999876e-03,5.937610000000000110e-02
2.100000000000000000e+01,1.916638099999999900e-01,1.635727200000000048e+00,1.068702500000000111e+00,6.934382399999999791e+01,6.934278699999999462e-01,6.761557000000000262e-01,1.437480000000000008e-02,1.226794999999999969e-01
2.200000000000000000e+01,4.473176999999999848e-01,2.226212299999999811e+00,1.159866300000000017e+00,5.956092399999999998e+01,2.306890899999999966e+00,2.289618799999999954e+00,3.354879999999999668e-02,1.669659000000000004e-01
