# POINT,X,Y,Mach,MACH_ANG__D,PSI__D,FLOW_ANG__D,X_IN,Y_IN
2.000000000000000000e+00,1.230518000000000028e-01,4.166741699999999826e-02,1.010288999999999993e+00,8.181589700000000676e+01,4.195378100000000249e-02,4.670491500000000309e-03,9.228899999999999951e-03,3.125100000000000013e-03
3.000000000000000000e+00,3.619059499999999763e-01,1.199130199999999924e+00,1.069384700000000077e+00,6.924708800000000508e+01,7.034334300000000262e-01,6.661501399999999462e-01,2.714290000000000105e-02,8.993479999999999530e-02
4.000000000000000000e+00,6.627188400000000312e-01,1.890920200000000051e+00,1.160365400000000102e+00,5.951901000000000153e+01,2.316896499999999914e+00,2.279613200000000006e+00,4.970390000000000225e-02,1.418190000000000006e-01
