# POINT,X,Y,Mach,MACH_ANG__D,PSI__D,FLOW_ANG__D,X_IN,Y_IN
1.400000000000000000e+01,6.022938900000000123e-02,5.416764099999999971e-01,1.007048600000000071e+00,8.321706000000000358e+01,2.384607399999999836e-02,2.277819799999999950e-02,4.517199999999999861e-03,4.062570000000000070e-02
1.500000000000000000e+01,2.355083699999999947e-01,1.523210799999999976e+00,1.068148000000000097e+00,6.942286300000000665e+01,6.853257200000000271e-01,6.842578499999999453e-01,1.766310000000000102e-02,1.142408000000000035e-01
1.600000000000000000e+01,5.020429899999999668e-01,2.141011499999999845e+00,1.159461800000000098e+00,5.959495900000000290e+01,2.298788800000000077e+00,2.297720899999999844e+00,3.765319999999999778e-02,1.605758999999999936e-01
