# POINT,X,Y,Mach,MACH_ANG__D,PSI__D,FLOW_ANG__D,X_IN,Y_IN
1.000000000000000000e+00,8.799843600000000210e-01,0.000000000000000000e+00,1.110330199999999934e+00,6.424139200000000471e+01,1.369583599999999901e+00,0.000000000000000000e+00,6.599879999999999636e-02,0.000000000000000000e+00
2.000000000000000000e+00,1.346068400000000054e+00,8.646398199999999479e-01,1.192640099999999981e+00,5.697952999999999690e+01,2.983046600000000215e+00,1.613463099999999928e+00,1.009551000000000059e-01,6.484800000000000286e-02
3.000000000000000000e+00,1.760374600000000012e+00,1.493237699999999890e+00,1.297028800000000093e+00,5.044313499999999806e+01,5.323779000000000039e+00,3.954195499999999974e+00,1.320281000000000093e-01,1.119928000000000035e-01
4.000000000000000000e+00,2.101392099999999985e+00,1.947668100000000013e+00,1.414775099999999952e+00,4.497726399999999813e+01,8.142382599999999471e+00,6.772799000000000014e+00,1.576044000000000056e-01,1.460751000000000133e-01
