# POINT,X,Y,Mach,MACH_ANG__D,PSI__D,FLOW_ANG__D,X_IN,Y_IN
7.000000000000000000e+00,9.525301399999999696e-02,2.500045000000000184e-01,1.007729499999999945e+00,8.289900699999999745e+01,2.736948300000000001e-02,1.925479000000000079e-02,7.144000000000000176e-03,1.875030000000000099e-02
8.000000000000000000e+00,3.001423699999999917e-01,1.357147099999999940e+00,1.068389400000000045e+00,6.938841299999999990e+01,6.888491300000000317e-01,6.807344400000000517e-01,2.251070000000000154e-02,1.017860000000000015e-01
9.000000000000000000e+00,5.838160700000000203e-01,2.013659599999999994e+00,1.159637699999999993e+00,5.958014699999999664e+01,2.302312199999999809e+00,2.294197500000000112e+00,4.378619999999999735e-02,1.510245000000000060e-01
