# POINT,X,Y,Mach,MACH_ANG__D,PSI__D,FLOW_ANG__D,X_IN,Y_IN
2.400000000000000000e+01,6.127997599999999816e-03,9.583505799999999519e-01,1.010468799999999945e+00,8.174531500000000506e+01,4.305244899999999958e-02,3.571823000000000012e-03,4.596000000000000042e-04,7.187630000000000408e-02
2.500000000000000000e+01,1.623700600000000105e-01,1.710562099999999974e+00,1.069459399999999949e+00,6.923652300000000537e+01,7.045320999999999945e-01,6.650514699999999779e-01,1.217780000000000078e-02,1.282921999999999951e-01
2.600000000000000000e+01,4.111580799999999813e-01,2.282438799999999990e+00,1.160420199999999902e+00,5.951441599999999710e+01,2.317995199999999922e+00,2.278514499999999998e+00,3.083690000000000042e-02,1.711828999999999990e-01
