# POINT,X,Y,Mach,MACH_ANG__D,PSI__D,FLOW_ANG__D,X_IN,Y_IN
1.200000000000000000e+01,7.012498799999999921e-02,4.583415800000000262e-01,1.006942699999999968e+00,8.326793100000000436e+01,2.331234399999999873e-02,2.331192799999999912e-02,5.259400000000000013e-03,3.437559999999999921e-02
1.300000000000000000e+01,2.517557599999999951e-01,1.481448799999999899e+00,1.068111400000000044e+00,6.942809300000000405e+01,6.847919900000000171e-01,6.847915799999999553e-01,1.888170000000000126e-02,1.111087000000000047e-01
1.400000000000000000e+01,5.224985100000000271e-01,2.109150699999999823e+00,1.159435100000000052e+00,5.959720399999999785e+01,2.298255099999999995e+00,2.298254599999999925e+00,3.918739999999999724e-02,1.581863000000000019e-01
