# POINT,X,Y,Mach,MACH_ANG__D,PSI__D,FLOW_ANG__D,X_IN,Y_IN
1.700000000000000000e+01,1.904723799999999967e-01,3.637511199999999834e-01,1.047547400000000017e+00,7.267110399999999970e+01,4.055193599999999954e-01,2.730406100000000169e-01,9.523619999999999308e-02,1.818755999999999984e-01
1.900000000000000000e+01,2.125226100000000007e-01,4.307714400000000055e-01,1.063087600000000021e+00,7.016205499999999518e+01,6.127870100000000209e-01,4.225658500000000206e-01,1.062613000000000030e-01,2.153857000000000133e-01
2.100000000000000000e+01,2.640988499999999961e-01,5.608645700000000067e-01,1.101381299999999896e+00,6.522367900000000418e+01,1.214333399999999896e+00,8.625178700000000198e-01,1.320494000000000112e-01,2.804323000000000232e-01
2.300000000000000000e+01,3.348020700000000072e-01,7.041641899999999676e-01,1.158190499999999901e+00,5.970230399999999804e+01,2.273811199999999921e+00,1.649587300000000090e+00,1.674009999999999942e-01,3.520821000000000089e-01
2.500000000000000000e+01,4.158314399999999966e-01,8.404201799999999611e-01,1.230285899999999932e+00,5.437229399999999657e+01,3.800824299999999933e+00,2.802048000000000094e+00,2.079157000000000088e-01,4.202100999999999753e-01
2.700000000000000000e+01,4.984102300000000096e-01,9.605538300000000529e-01,1.313680699999999923e+00,4.957186599999999999e+01,5.716028099999999945e+00,4.273488999999999649e+00,2.492051000000000127e-01,4.802769000000000066e-01
2.900000000000000000e+01,5.743835499999999650e-01,1.059961099999999989e+00,1.403301899999999991e+00,4.544726699999999653e+01,7.865560399999999674e+00,5.961425400000000430e+00,2.871917999999999971e-01,5.299806000000000239e-01
