# POINT,X,Y,Mach,MACH_ANG__D,PSI__D,FLOW_ANG__D,X_IN,Y_IN
4.300000000000000000e+01,1.471697500000000020e-02,9.548466799999999477e-01,1.049483900000000025e+00,7.233543199999999729e+01,4.299327600000000249e-01,3.981582599999999861e-02,7.358499999999999590e-03,4.774232999999999949e-01
4.500000000000000000e+01,2.323343500000000020e-02,9.804709600000000025e-01,1.059758999999999896e+00,7.066706299999999885e+01,5.663047900000000023e-01,1.734076400000000018e-01,1.161670000000000064e-02,4.902354999999999907e-01
4.700000000000000000e+01,4.738968799999999926e-02,1.043690900000000088e+00,1.088556599999999985e+00,6.672917400000000043e+01,1.000519200000000053e+00,5.847234000000000043e-01,2.369479999999999850e-02,5.218454000000000148e-01
