# POINT,X,Y,Mach,MACH_ANG__D,PSI__D,FLOW_ANG__D,X_IN,Y_IN
4.300000000000000000e+01,2.435521100000000161e-02,9.397699499999999651e-01,1.051019600000000054e+00,7.207441500000000190e+01,4.495956099999999789e-01,9.460126600000000330e-02,1.217760000000000023e-02,4.698849999999999971e-01
4.500000000000000000e+01,4.121348799999999951e-02,9.881573700000000349e-01,1.070907499999999901e+00,6.903312699999999325e+01,7.260480999999999741e-01,3.599574899999999911e-01,2.060669999999999863e-02,4.940786999999999818e-01
