# POINT,X,Y,Mach,MACH_ANG__D,PSI__D,FLOW_ANG__D,X_IN,Y_IN
4.100000000000000000e+01,2.904340500000000130e-02,9.093777899999999637e-01,1.046843100000000026e+00,7.279508599999999774e+01,3.967467499999999814e-01,7.584617500000000179e-02,1.452170000000000023e-02,4.546889000000000070e-01
4.300000000000000000e+01,3.823662099999999842e-02,9.377585600000000188e-01,1.057603499999999919e+00,7.100269799999999520e+01,5.367866700000000213e-01,2.115286299999999953e-01,1.911830000000000127e-02,4.688792999999999989e-01
4.500000000000000000e+01,6.396390000000000409e-02,1.006110000000000060e+00,1.087330499999999978e+00,6.687986700000000440e+01,9.806764199999999931e-01,6.269012099999999865e-01,3.198199999999999654e-02,5.030550000000000299e-01
4.700000000000000000e+01,1.047320499999999932e-01,1.094872099999999904e+00,1.135234599999999983e+00,6.174812000000000012e+01,1.826424199999999942e+00,1.390439999999999898e+00,5.236600000000000282e-02,5.474360000000000337e-01
