# POINT,X,Y,Mach,MACH_ANG__D,PSI__D,FLOW_ANG__D,X_IN,Y_IN
3.500000000000000000e+01,8.012081299999999906e-02,7.617854099999999962e-01,1.044080099999999955e+00,7.329170499999999322e+01,3.629023000000000110e-01,2.151436499999999918e-01,4.006040000000000295e-02,3.808926999999999730e-01
3.700000000000000000e+01,1.023373000000000060e-01,8.293978400000000528e-01,1.067049799999999937e+00,6.958050799999999469e+01,6.694824200000000225e-01,4.924601000000000117e-01,5.116860000000000158e-02,4.146988999999999814e-01
3.900000000000000000e+01,1.430097300000000016e-01,9.289624600000000454e-01,1.109225399999999917e+00,6.435991500000000087e+01,1.350378800000000101e+00,1.087177300000000013e+00,7.150489999999999624e-02,4.644811999999999830e-01
4.100000000000000000e+01,1.971971100000000088e-01,1.036188200000000004e+00,1.168168300000000048e+00,5.887493500000000068e+01,2.475055300000000180e+00,2.047435099999999952e+00,9.859859999999999458e-02,5.180941000000000018e-01
