# POINT,X,Y,Mach,MACH_ANG__D,PSI__D,FLOW_ANG__D,X_IN,Y_IN
4.500000000000000000e+01,9.651324399999999457e-03,9.844382499999999592e-01,1.053703599999999962e+00,7.162860100000000330e+01,4.845849600000000090e-01,5.608980599999999900e-02,4.825699999999999608e-03,4.922191000000000205e-01
4.700000000000000000e+01,2.535965000000000094e-02,1.028539499999999940e+00,1.072809399999999913e+00,6.876963899999999796e+01,7.544139600000000501e-01,3.179652600000000273e-01,1.267979999999999975e-02,5.142697999999999992e-01
