# POINT,X,Y,Mach,MACH_ANG__D,PSI__D,FLOW_ANG__D,X_IN,Y_IN
2.700000000000000000e+01,1.225547599999999987e-01,5.910955700000000146e-01,1.039225000000000065e+00,7.420790700000000584e+01,3.057162600000000174e-01,2.431037199999999954e-01,6.127740000000000270e-02,2.955478000000000272e-01
2.900000000000000000e+01,1.380938999999999917e-01,6.428684700000000252e-01,1.053258599999999934e+00,7.170164499999999919e+01,4.787290499999999893e-01,3.899114599999999875e-01,6.904689999999999439e-02,3.214342000000000033e-01
3.100000000000000000e+01,1.771109999999999907e-01,7.491707899999999754e-01,1.088719699999999957e+00,6.670922600000000102e+01,1.003166599999999908e+00,8.249839700000000109e-01,8.855549999999999533e-02,3.745854000000000128e-01
3.300000000000000000e+01,2.336883999999999906e-01,8.712579499999999477e-01,1.142289700000000074e+00,6.109645900000000296e+01,1.961443300000000001e+00,1.607231700000000041e+00,1.168441999999999953e-01,4.356289999999999885e-01
3.500000000000000000e+01,3.004497600000000102e-01,9.895697199999999860e-01,1.210892300000000033e+00,5.567347000000000179e+01,3.375130299999999917e+00,2.755624399999999863e+00,1.502248999999999945e-01,4.947849000000000275e-01
3.700000000000000000e+01,3.691452599999999751e-01,1.094193100000000030e+00,1.290536499999999975e+00,5.079338500000000067e+01,5.173421499999999895e+00,4.223477800000000393e+00,1.845726000000000033e-01,5.470966000000000440e-01
