# POINT,X,Y,Mach,MACH_ANG__D,PSI__D,FLOW_ANG__D,X_IN,Y_IN
1.300000000000000000e+01,6.518651200000000201e-02,5.000090000000000368e-01,1.006968099999999922e+00,8.325567300000000159e+01,2.344021300000000141e-02,2.318405899999999992e-02,4.889000000000000117e-03,3.750069999999999792e-02
1.400000000000000000e+01,2.205989499999999881e-01,1.390655100000000033e+00,1.058384500000000061e+00,7.088027800000000411e+01,5.473292600000000396e-01,5.470731100000000291e-01,1.654490000000000127e-02,1.042991000000000057e-01
1.500000000000000000e+01,4.553755600000000126e-01,1.976421999999999901e+00,1.134982500000000005e+00,6.177180899999999752e+01,1.821294200000000085e+00,1.821037999999999935e+00,3.415320000000000161e-02,1.482316999999999940e-01
