# POINT,X,Y,Mach,MACH_ANG__D,PSI__D,FLOW_ANG__D,X_IN,Y_IN
9.000000000000000000e+00,8.502983100000000016e-02,3.333393299999999893e-01,1.007221300000000097e+00,8.313496299999999906e+01,2.472456899999999833e-02,2.189970299999999953e-02,6.377200000000000403e-03,2.500039999999999901e-02
1.000000000000000000e+01,2.550250399999999806e-01,1.294346299999999950e+00,1.058478500000000100e+00,7.086561000000000377e+01,5.486136200000000240e-01,5.457887500000000447e-01,1.912689999999999876e-02,9.707599999999999563e-02
1.100000000000000000e+01,4.986136999999999930e-01,1.901683100000000071e+00,1.135050300000000068e+00,6.176543999999999812e+01,1.822578599999999938e+00,1.819753699999999919e+00,3.739599999999999869e-02,1.426262000000000085e-01
