# POINT,X,Y,Mach,MACH_ANG__D,PSI__D,FLOW_ANG__D,X_IN,Y_IN
2.000000000000000000e+01,2.913383099999999892e-02,7.916809099999999599e-01,1.008572699999999989e+00,8.252429499999999507e+01,3.194821899999999992e-02,1.467605399999999914e-02,2.184999999999999876e-03,5.937610000000000110e-02
2.100000000000000000e+01,1.692743499999999901e-01,1.534006399999999992e+00,1.059005799999999997e+00,7.078354799999999614e+01,5.558372700000000499e-01,5.385651000000000188e-01,1.269559999999999959e-02,1.150505000000000000e-01
2.200000000000000000e+01,3.916951300000000025e-01,2.086446899999999882e+00,1.135431099999999915e+00,6.172967299999999824e+01,1.829802200000000045e+00,1.812529999999999974e+00,2.937709999999999974e-02,1.564834999999999976e-01
