# POINT,X,Y,Mach,MACH_ANG__D,PSI__D,FLOW_ANG__D,X_IN,Y_IN
1.900000000000000000e+01,3.455236799999999997e-02,7.500134999999999996e-01,1.008203399999999972e+00,8.268596999999999753e+01,2.991446000000000036e-02,1.670981200000000097e-02,2.591400000000000214e-03,5.625100000000000239e-02
2.000000000000000000e+01,1.764223799999999898e-01,1.514091499999999924e+00,1.058857500000000007e+00,7.080657800000000179e+01,5.538035100000000543e-01,5.405988600000000144e-01,1.323170000000000075e-02,1.135569000000000023e-01
2.100000000000000000e+01,4.004999799999999777e-01,2.071244800000000108e+00,1.135323899999999941e+00,6.173973300000000108e+01,1.827768400000000071e+00,1.814563799999999949e+00,3.003750000000000170e-02,1.553433999999999926e-01
