# POINT,X,Y,Mach,MACH_ANG__D,PSI__D,FLOW_ANG__D,X_IN,Y_IN
2.400000000000000000e+01,6.127997599999999816e-03,9.583505799999999519e-01,1.010468799999999945e+00,8.174531500000000506e+01,4.305244899999999958e-02,3.571823000000000012e-03,4.596000000000000042e-04,7.187630000000000408e-02
2.500000000000000000e+01,1.398537699999999884e-01,1.615687099999999932e+00,1.059812500000000046e+00,7.065881600000000162e+01,5.669414999999999871e-01,5.274608699999999706e-01,1.048900000000000006e-02,1.211765000000000064e-01
2.600000000000000000e+01,3.556610299999999891e-01,2.148600599999999972e+00,1.136015800000000020e+00,6.167488600000000076e+01,1.840906399999999943e+00,1.801425800000000077e+00,2.667459999999999970e-02,1.611450000000000105e-01
