# POINT,X,Y,Mach,MACH_ANG__D,PSI__D,FLOW_ANG__D,X_IN,Y_IN
1.000000000000000000e+00,2.766975099999999799e+00,0.000000000000000000e+00,1.383870900000000015e+00,4.627045199999999880e+01,7.393178100000000086e+00,0.000000000000000000e+00,2.075230999999999881e-01,0.000000000000000000e+00
2.000000000000000000e+00,3.305296199999999907e+00,5.492146399999999762e-01,1.478751900000000008e+00,4.255098100000000017e+01,9.701822999999999197e+00,2.308644800000000163e+00,2.478972000000000120e-01,4.119110000000000132e-02
3.000000000000000000e+00,3.767976800000000015e+00,1.002939400000000036e+00,1.584439300000000106e+00,3.913414000000000215e+01,1.227345000000000041e+01,4.880272399999999955e+00,2.825983000000000245e-01,7.522049999999999570e-02
4.000000000000000000e+00,4.143968199999999769e+00,1.364098899999999892e+00,1.696466100000000088e+00,3.611874399999999952e+01,1.495375399999999999e+01,7.560575700000000232e+00,3.107976000000000072e-01,1.023074000000000067e-01
5.000000000000000000e+00,4.427420099999999969e+00,1.635053899999999949e+00,1.811124900000000038e+00,3.351415800000000189e+01,1.761709400000000159e+01,1.022391599999999912e+01,3.320564999999999767e-01,1.226290000000000019e-01
6.000000000000000000e+00,4.618450799999999745e+00,1.818913400000000014e+00,1.925377700000000081e+00,3.129057999999999851e+01,2.017187300000000150e+01,1.277869500000000080e+01,3.463838000000000195e-01,1.364184999999999981e-01
7.000000000000000000e+00,4.722645899999999841e+00,1.920666200000000101e+00,2.036833899999999975e+00,2.940357099999999946e+01,2.255930299999999988e+01,1.516612399999999994e+01,3.541984000000000243e-01,1.440500000000000114e-01
8.000000000000000000e+00,4.749687899999999630e+00,1.947582600000000053e+00,2.143722900000000209e+00,2.780593100000000106e+01,2.474799399999999849e+01,1.735481599999999958e+01,3.562266000000000044e-01,1.460686999999999958e-01
