# POINT,X,Y,Mach,MACH_ANG__D,PSI__D,FLOW_ANG__D,X_IN,Y_IN
6.000000000000000000e+00,1.005153099999999966e-01,2.083370800000000078e-01,1.008088600000000001e+00,8.273700700000000552e+01,2.929093600000000006e-02,1.733333700000000074e-02,7.538600000000000335e-03,1.562530000000000169e-02
7.000000000000000000e+00,2.854138800000000087e-01,1.209481299999999981e+00,1.058812000000000086e+00,7.081364999999999554e+01,5.531799899999999548e-01,5.412223900000000532e-01,2.140600000000000142e-02,9.071110000000000284e-02
8.000000000000000000e+00,5.370294799999999480e-01,1.835312300000000008e+00,1.135291000000000050e+00,6.174281799999999976e+01,1.827144899999999961e+00,1.815187300000000059e+00,4.027719999999999911e-02,1.376484000000000041e-01
