# POINT,X,Y,Mach,MACH_ANG__D,PSI__D,FLOW_ANG__D,X_IN,Y_IN
2.100000000000000000e+01,2.359179200000000032e-02,8.333483299999999705e-01,1.008984899999999962e+00,8.234799399999999991e+01,3.426923600000000153e-02,1.235503699999999927e-02,1.769399999999999966e-03,6.250110000000000388e-02
2.200000000000000000e+01,1.620730999999999977e-01,1.554044900000000062e+00,1.059174800000000083e+00,7.075733599999999512e+01,5.581582899999999459e-01,5.362440899999999511e-01,1.215549999999999964e-02,1.165534000000000014e-01
2.300000000000000000e+01,3.828452199999999861e-01,2.101721599999999857e+00,1.135553400000000046e+00,6.171820199999999801e+01,1.832123200000000063e+00,1.810208999999999957e+00,2.871340000000000003e-02,1.576290999999999942e-01
