# POINT,X,Y,Mach,MACH_ANG__D,PSI__D,FLOW_ANG__D,X_IN,Y_IN
2.200000000000000000e+01,1.791608600000000120e-02,8.750157499999999811e-01,1.009438899999999917e+00,8.215852700000000652e+01,3.688660900000000076e-02,9.737663000000000568e-03,1.343699999999999973e-03,6.562619999999999565e-02
2.300000000000000000e+01,1.547866099999999911e-01,1.574292400000000036e+00,1.059365099999999948e+00,7.072786700000000337e+01,5.607756600000000091e-01,5.336267099999999486e-01,1.160899999999999953e-02,1.180718999999999935e-01
2.400000000000000000e+01,3.739107999999999876e-01,2.117135999999999907e+00,1.135691199999999901e+00,6.170527799999999985e+01,1.834740599999999944e+00,1.807591699999999912e+00,2.804330000000000017e-02,1.587851999999999875e-01
