# POINT,X,Y,Mach,MACH_ANG__D,PSI__D,FLOW_ANG__D,X_IN,Y_IN
1.600000000000000000e+01,5.018561800000000128e-02,6.250112500000000182e-01,1.007365800000000089e+00,8.306703000000000259e+01,2.546766699999999939e-02,2.115660600000000141e-02,3.763900000000000145e-03,4.687580000000000219e-02
1.700000000000000000e+01,1.979435499999999959e-01,1.454015000000000057e+00,1.058532800000000051e+00,7.085713400000000206e+01,5.493567200000000206e-01,5.450456599999999874e-01,1.484579999999999927e-02,1.090510999999999980e-01
1.800000000000000000e+01,4.271358199999999994e-01,2.025231400000000015e+00,1.135089500000000085e+00,6.176175599999999832e+01,1.823321699999999934e+00,1.819010599999999922e+00,3.203519999999999979e-02,1.518924000000000107e-01
