# POINT,X,Y,Mach,MACH_ANG__D,PSI__D,FLOW_ANG__D,X_IN,Y_IN
1.000000000000000000e+00,1.686290199999999961e+00,0.000000000000000000e+00,1.223148399999999913e+00,5.484150700000000001e+01,3.642332199999999798e+00,0.000000000000000000e+00,1.264717999999999953e-01,0.000000000000000000e+00
2.000000000000000000e+00,2.167294399999999843e+00,6.479682399999999731e-01,1.305308200000000030e+00,5.000518499999999733e+01,5.517755199999999860e+00,1.875422900000000004e+00,1.625470999999999999e-01,4.859759999999999774e-02
3.000000000000000000e+00,2.589952199999999927e+00,1.166447400000000023e+00,1.401761899999999894e+00,4.551123900000000333e+01,7.826399999999999579e+00,4.184067800000000226e+00,1.942464000000000135e-01,8.748359999999999470e-02
4.000000000000000000e+00,2.941793000000000102e+00,1.571430899999999964e+00,1.507282400000000022e+00,4.156319299999999828e+01,1.039802800000000005e+01,6.755695300000000181e+00,2.206345000000000112e-01,1.178572999999999982e-01
5.000000000000000000e+00,3.213262700000000027e+00,1.872604500000000005e+00,1.617806999999999995e+00,3.817902699999999783e+01,1.307833100000000037e+01,9.435998599999999570e+00,2.409947000000000061e-01,1.404452999999999951e-01
6.000000000000000000e+00,3.400011500000000186e+00,2.076503699999999952e+00,1.729981599999999897e+00,3.531286300000000011e+01,1.574167100000000019e+01,1.209933900000000051e+01,2.550008999999999748e-01,1.557378000000000096e-01
