# POINT,X,Y,Mach,MACH_ANG__D,PSI__D,FLOW_ANG__D,X_IN,Y_IN
7.000000000000000000e+00,9.525301399999999696e-02,2.500045000000000184e-01,1.007729499999999945e+00,8.289900699999999745e+01,2.736948300000000001e-02,1.925479000000000079e-02,7.144000000000000176e-03,1.875030000000000099e-02
8.000000000000000000e+00,2.748050000000000215e-01,1.239082100000000075e+00,1.058671799999999941e+00,7.083547799999999484e+01,5.512585300000000244e-01,5.431438400000000444e-01,2.061040000000000094e-02,9.293120000000000547e-02
9.000000000000000000e+00,5.235954400000000231e-01,1.858516599999999963e+00,1.135189699999999968e+00,6.175233200000000267e+01,1.825223500000000110e+00,1.817108799999999968e+00,3.926969999999999766e-02,1.393887000000000043e-01
