# POINT,X,Y,Mach,MACH_ANG__D,PSI__D,FLOW_ANG__D,X_IN,Y_IN
1.700000000000000000e+01,4.506519099999999750e-02,6.666786599999999785e-01,1.007598500000000064e+00,8.295904600000000073e+01,2.667937600000000117e-02,1.994489699999999963e-02,3.379899999999999918e-03,5.000090000000000090e-02
1.800000000000000000e+01,1.907123699999999922e-01,1.474217300000000064e+00,1.058621400000000046e+00,7.084332999999999458e+01,5.505684299999999975e-01,5.438339500000000104e-01,1.430340000000000084e-02,1.105663000000000062e-01
1.900000000000000000e+01,4.181648099999999979e-01,2.040732300000000166e+00,1.135153400000000090e+00,6.175575099999999651e+01,1.824533399999999972e+00,1.817798900000000106e+00,3.136239999999999861e-02,1.530548999999999937e-01
