# POINT,X,Y,Mach,MACH_ANG__D,PSI__D,FLOW_ANG__D,X_IN,Y_IN
1.800000000000000000e+01,3.985867199999999777e-02,7.083460799999999891e-01,1.007878199999999946e+00,8.283144500000000221e+01,2.816022400000000106e-02,1.846404899999999974e-02,2.989400000000000130e-03,5.312599999999999961e-02
1.900000000000000000e+01,1.835543199999999930e-01,1.494199999999999973e+00,1.058729500000000101e+00,7.082648899999999514e+01,5.520492700000000363e-01,5.423531000000000324e-01,1.376660000000000036e-02,1.120649999999999979e-01
2.000000000000000000e+01,4.093057199999999840e-01,2.056036600000000103e+00,1.135231399999999891e+00,6.174841599999999886e+01,1.826014199999999921e+00,1.816318000000000099e+00,3.069790000000000019e-02,1.542026999999999981e-01
