# POINT,X,Y,Mach,MACH_ANG__D,PSI__D,FLOW_ANG__D,X_IN,Y_IN
1.400000000000000000e+01,6.022938900000000123e-02,5.416764099999999971e-01,1.007048600000000071e+00,8.321706000000000358e+01,2.384607399999999836e-02,2.277819799999999950e-02,4.517199999999999861e-03,4.062570000000000070e-02
1.500000000000000000e+01,2.128323000000000020e-01,1.412383600000000072e+00,1.058414200000000083e+00,7.087564000000000419e+01,5.477351200000000198e-01,5.466672500000000490e-01,1.596240000000000159e-02,1.059288000000000035e-01
1.600000000000000000e+01,4.456727200000000222e-01,1.993193999999999910e+00,1.135003900000000066e+00,6.176979599999999948e+01,1.821700099999999933e+00,1.820632199999999923e+00,3.342549999999999688e-02,1.494894999999999974e-01
