# POINT,X,Y,Mach,MACH_ANG__D,PSI__D,FLOW_ANG__D,X_IN,Y_IN
1.000000000000000000e+00,7.615473299999999668e-01,0.000000000000000000e+00,1.094282900000000058e+00,6.604159099999999682e+01,1.094402400000000108e+00,0.000000000000000000e+00,5.711600000000000010e-02,0.000000000000000000e+00
2.000000000000000000e+00,1.158190000000000053e+00,7.979762599999999928e-01,1.162925299999999940e+00,5.930541199999999691e+01,2.368367300000000064e+00,1.273964899999999956e+00,8.686420000000000252e-02,5.984819999999999723e-02
3.000000000000000000e+00,1.521675700000000075e+00,1.392484999999999973e+00,1.250099199999999966e+00,5.312404099999999829e+01,4.243790200000000290e+00,3.149387899999999796e+00,1.141256999999999966e-01,1.044363999999999987e-01
4.000000000000000000e+00,1.837398700000000051e+00,1.840761000000000092e+00,1.348924900000000093e+00,4.784492999999999796e+01,6.552435100000000290e+00,5.458032700000000403e+00,1.378049000000000079e-01,1.380570999999999882e-01
