# POINT,X,Y,Mach,MACH_ANG__D,PSI__D,FLOW_ANG__D,X_IN,Y_IN
3.000000000000000000e+00,1.171554399999999996e-01,8.333483299999999705e-02,1.009619000000000044e+00,8.208467299999999511e+01,3.794206600000000346e-02,8.682206099999999205e-03,8.786699999999999719e-03,6.250099999999999753e-03
4.000000000000000000e+00,3.201111700000000004e-01,1.112943800000000039e+00,1.059441800000000100e+00,7.071600999999999715e+01,5.618311200000000172e-01,5.325712599999999908e-01,2.400829999999999978e-02,8.347079999999999778e-02
5.000000000000000000e+00,5.811255899999999697e-01,1.759206999999999965e+00,1.135746799999999945e+00,6.170007100000000122e+01,1.835796100000000042e+00,1.806536200000000036e+00,4.358440000000000231e-02,1.319404999999999883e-01
