# POINT,X,Y,Mach,MACH_ANG__D,PSI__D,FLOW_ANG__D,X_IN,Y_IN
1.000000000000000000e+01,8.002575200000000555e-02,3.750067499999999998e-01,1.007066699999999981e+00,8.320843200000000195e+01,2.393740499999999841e-02,2.268686699999999945e-02,6.001900000000000117e-03,2.812550000000000119e-02
1.100000000000000000e+01,2.458240600000000109e-01,1.320077500000000015e+00,1.058420899999999998e+00,7.087459699999999430e+01,5.478264600000000151e-01,5.465759199999999929e-01,1.843679999999999972e-02,9.900580000000000491e-02
1.200000000000000000e+01,4.870248099999999747e-01,1.921713000000000005e+00,1.135008699999999982e+00,6.176934299999999922e+01,1.821791399999999950e+00,1.820540899999999906e+00,3.652690000000000103e-02,1.441284999999999927e-01
