# POINT,X,Y,Mach,MACH_ANG__D,PSI__D,FLOW_ANG__D,X_IN,Y_IN
2.000000000000000000e+00,1.230518000000000028e-01,4.166741699999999826e-02,1.010288999999999993e+00,8.181589700000000676e+01,4.195378100000000249e-02,4.670491500000000309e-03,9.228899999999999951e-03,3.125100000000000013e-03
3.000000000000000000e+00,3.325943800000000228e-01,1.078340499999999924e+00,1.059732899999999978e+00,7.067108199999999840e+01,5.658428300000000188e-01,5.285595400000000499e-01,2.494460000000000080e-02,8.087550000000000294e-02
4.000000000000000000e+00,5.970484799999999925e-01,1.731754400000000027e+00,1.135958000000000023e+00,6.168029599999999846e+01,1.839807799999999993e+00,1.802524500000000085e+00,4.477860000000000174e-02,1.298816000000000137e-01
