# POINT,X,Y,Mach,MACH_ANG__D,PSI__D,FLOW_ANG__D,X_IN,Y_IN
1.500000000000000000e+01,5.523493000000000153e-02,5.833438300000000076e-01,1.007181899999999963e+00,8.315362000000000364e+01,2.452305600000000141e-02,2.210121599999999992e-02,4.142599999999999755e-03,4.375079999999999941e-02
1.600000000000000000e+01,2.052988799999999892e-01,1.433453099999999925e+00,1.058463699999999896e+00,7.086790999999999485e+01,5.484121100000000082e-01,5.459902699999999998e-01,1.539740000000000032e-02,1.075089999999999935e-01
1.700000000000000000e+01,4.362825900000000257e-01,2.009424000000000099e+00,1.135039600000000037e+00,6.176643899999999832e+01,1.822376999999999914e+00,1.819955200000000106e+00,3.272119999999999890e-02,1.507068000000000019e-01
