# POINT,X,Y,Mach,MACH_ANG__D,PSI__D,FLOW_ANG__D,X_IN,Y_IN
4.000000000000000000e+00,1.114464899999999953e-01,1.250022500000000092e-01,1.009030600000000000e+00,8.232869599999999366e+01,3.452994899999999728e-02,1.209432300000000057e-02,8.358499999999999611e-03,9.375200000000000200e-03
5.000000000000000000e+00,3.080764100000000227e-01,1.146373400000000098e+00,1.059193800000000074e+00,7.075439699999999732e+01,5.584189999999999987e-01,5.359833699999999590e-01,2.310569999999999985e-02,8.597799999999999887e-02
6.000000000000000000e+00,5.658037999999999679e-01,1.785638700000000023e+00,1.135567100000000051e+00,6.171691400000000272e+01,1.832383899999999954e+00,1.809948300000000065e+00,4.243530000000000219e-02,1.339229000000000114e-01
