# POINT,X,Y,Mach,MACH_ANG__D,PSI__D,FLOW_ANG__D,X_IN,Y_IN
5.000000000000000000e+00,1.059063199999999982e-01,1.666696699999999920e-01,1.008521400000000012e+00,8.254655800000000454e+01,3.166283300000000134e-02,1.496143899999999999e-02,7.943000000000000407e-03,1.250019999999999951e-02
6.000000000000000000e+00,2.965065199999999956e-01,1.178568499999999908e+00,1.058985000000000065e+00,7.078677600000000325e+01,5.555518799999999979e-01,5.388504899999999598e-01,2.223800000000000082e-02,8.839260000000000173e-02
7.000000000000000000e+00,5.511008200000000468e-01,1.811015599999999948e+00,1.135415999999999981e+00,6.173108400000000273e+01,1.829516799999999943e+00,1.812815400000000077e+00,4.133259999999999712e-02,1.358262000000000080e-01
