# POINT,X,Y,Mach,MACH_ANG__D,PSI__D,FLOW_ANG__D,X_IN,Y_IN
8.000000000000000000e+00,9.009835800000000339e-02,2.916719199999999734e-01,1.007441299999999984e+00,8.303180100000000152e+01,2.585883900000000152e-02,2.076543299999999981e-02,6.757400000000000212e-03,2.187539999999999971e-02
9.000000000000000000e+00,2.646787500000000182e-01,1.267363900000000099e+00,1.058561400000000097e+00,7.085267600000000243e+01,5.497478900000000168e-01,5.446544800000000519e-01,1.985090000000000118e-02,9.505230000000000623e-02
1.000000000000000000e+01,5.107950599999999675e-01,1.880632400000000093e+00,1.135110099999999900e+00,6.175981699999999819e+01,1.823712800000000023e+00,1.818619399999999997e+00,3.830959999999999921e-02,1.410473999999999895e-01
